employee_id,employee_job_group,employee_job_level,employee_job_title,employee_gender,employee_race,employee_compensation,employee_years_of_experience,employee_time_in_role,employee_geo_zone,employee_city,employee_state,geo_zone_id,geo_zone_cost_of_living_factor,company_name,company_headquarters_city,company_headquarters_state,company_sector,company_signed_syndio_contract_on,data_uploaded_on,uploader_name
2069,Call Center,Representative,Call Center Representative,male,white,64573.14545,6.402103944,0.5394919,Geo Zone 3,New York,NY,3333,1.2,Company B,Los Angeles,CA,Telecommunications,2021-08-12,2021-08-29,John Doe
2070,Call Center,Representative,Call Center Representative,male,white,67704.37838,3.184706441,0.4040354,Geo Zone 3,New York,NY,3333,1.2,Company B,Los Angeles,CA,Telecommunications,2021-08-12,2021-08-29,John Doe
2071,Call Center,Representative,Call Center Representative,male,white,71409.03316,23.61140218,1.2895313,Geo Zone 3,New York,NY,3333,1.2,Company B,Los Angeles,CA,Telecommunications,2021-08-12,2021-08-29,John Doe
2072,Call Center,Representative,Call Center Representative,male,white,71441.59001,16.32526381,0.2425403,Geo Zone 3,New York,NY,3333,1.2,Company B,Los Angeles,CA,Telecommunications,2021-08-12,2021-08-29,John Doe
2073,Call Center,Representative,Call Center Representative,male,white,71759.13724,5.219519445,0.7746624,Geo Zone 3,New York,NY,3333,1.2,Company B,Los Angeles,CA,Telecommunications,2021-08-12,2021-08-29,John Doe
2074,Call Center,Representative,Call Center Representative,male,white,71940.59102,14.95369336,1.8981621,Geo Zone 3,New York,NY,3333,1.2,Company B,Los Angeles,CA,Telecommunications,2021-08-12,2021-08-29,John Doe
2075,Call Center,Representative,Call Center Representative,male,hispanic,72150.48283,6.948315946,1.6253067,Geo Zone 3,New York,NY,3333,1.2,Company B,Los Angeles,CA,Telecommunications,2021-08-12,2021-08-29,John Doe
2076,Call Center,Representative,Call Center Representative,male,white,72709.79863,2.722950704,0.8849995,3,New York,NY,3333,1.2,Company B,Los Angeles,CA,Telecommunications,2021-08-12,2021-08-29,John Doe
2077,Call Center,Representative,Call Center Representative,male,white,72801.0826,1.796816357,1.7968164,Geo Zone 3,New York,NY,3333,1.2,Company B,Los Angeles,CA,Telecommunications,2021-08-12,2021-08-29,John Doe
2078,Call Center,Representative,Call Center Representative,male,white,73034.46789,8.550393739,0.2990049,Geo Zone 3,New York,NY,3333,1.2,Company B,Los Angeles,CA,Telecommunications,2021-08-12,2021-08-29,John Doe
2079,Call Center,Representative,Call Center Representative,male,white,73404.15017,18.23179712,1.6538906,Geo Zone 3,New York,NY,3333,1.2,Company B,Los Angeles,CA,Telecommunications,2021-08-12,2021-08-29,John Doe
2080,Call Center,Representative,Call Center Representative,male,white,74710.36204,3.677957271,0.7897539,Geo Zone 3,New York,NY,3333,1.2,Company B,Los Angeles,CA,Telecommunications,2021-08-12,2021-08-29,John Doe
2081,Call Center,Representative,Call Center Representative,male,white,76258.35106,12.44559627,1.9928401,Geo Zone 3,New York,NY,3333,1.2,Company B,Los Angeles,CA,Telecommunications,2021-08-12,2021-08-29,John Doe
2082,Call Center,Representative,Call Center Representative,male,white,76597.03084,18.69141716,1.4578258,Geo Zone 3,New York,NY,3333,1.2,Company B,Los Angeles,CA,Telecommunications,2021-08-12,2021-08-29,John Doe
2083,Call Center,Representative,Call Center Representative,male,white,76607.24496,18.57249212,0.2796345,Geo Zone 3,New York,NY,3333,1.2,Company B,Los Angeles,CA,Telecommunications,2021-08-12,2021-08-29,John Doe
2084,Call Center,Representative,Call Center Representative,male,white,77015.91693,15.83562377,1.1028717,Geo Zone 3,New York,NY,3333,1.2,Company B,Los Angeles,CA,Telecommunications,2021-08-12,2021-08-29,John Doe
2085,Call Center,Representative,Call Center Representative,male,two or more,77019.13243,12.53956855,0.3616619,Geo Zone 3,New York,NY,3333,1.2,Company B,Los Angeles,CA,Telecommunications,2021-08-12,2021-08-29,John Doe
2086,Call Center,Representative,Call Center Representative,male,white,77116.72652,23.27606501,0.7986635,3,New York,NY,3333,1.2,Company B,Los Angeles,CA,Telecommunications,2021-08-12,2021-08-29,John Doe
2087,Call Center,Representative,Call Center Representative,male,black,78526.68425,5.382519972,2.4583654,Geo Zone 3,New York,NY,3333,1.2,Company B,Los Angeles,CA,Telecommunications,2021-08-12,2021-08-29,John Doe
2088,Call Center,Representative,Call Center Representative,male,hispanic,79500.35082,9.974799299,2.7370058,Geo Zone 3,New York,NY,3333,1.2,Company B,Los Angeles,CA,Telecommunications,2021-08-12,2021-08-29,John Doe
2089,Call Center,Representative,Call Center Representative,male,white,79752.60705,37.74644709,2.4700459,Geo Zone 3,New York,NY,3333,1.2,Company B,Los Angeles,CA,Telecommunications,2021-08-12,2021-08-29,John Doe
2090,Call Center,Representative,Call Center Representative,male,white,79884.65602,13.97245714,1.0786233,Geo Zone 3,New York,NY,3333,1.2,Company B,Los Angeles,CA,Telecommunications,2021-08-12,2021-08-29,John Doe
2091,Call Center,Representative,Call Center Senior Representative,female,white,81205.54243,18.47972268,1.8235896,Geo Zone 3,New York,NY,3333,1.2,Company B,Los Angeles,CA,Telecommunications,2021-08-12,2021-08-29,John Doe
2092,Call Center,Representative,Call Center Senior Representative,female,white,82438.05182,9.543281449,0.3247903,3,New York,NY,3333,1.2,Company B,Los Angeles,CA,Telecommunications,2021-08-12,2021-08-29,John Doe
2093,Call Center,Representative,Call Center Senior Representative,female,white,82563.51819,14.12495277,1.0545342,Geo Zone 3,New York,NY,3333,1.2,Company B,Los Angeles,CA,Telecommunications,2021-08-12,2021-08-29,John Doe
2094,Call Center,Representative,Call Center Senior Representative,male,hispanic,82674.58671,24.70775489,1.9267833,Geo Zone 3,New York,NY,3333,1.2,Company B,Los Angeles,CA,Telecommunications,2021-08-12,2021-08-29,John Doe
2095,Call Center,Representative,Call Center Senior Representative,female,white,83830.80159,16.09294488,1.1199153,Geo Zone 3,New York,NY,3333,1.2,Company B,Los Angeles,CA,Telecommunications,2021-08-12,2021-08-29,John Doe
2096,Call Center,Representative,Call Center Senior Representative,male,white,84235.479,3.845269854,2.7702493,3,New York,NY,3333,1.2,Company B,Los Angeles,CA,Telecommunications,2021-08-12,2021-08-29,John Doe
2097,Call Center,Representative,Call Center Senior Representative,female,white,84610.27783,15.96514635,2.5609473,Geo Zone 3,New York,NY,3333,1.2,Company B,Los Angeles,CA,Telecommunications,2021-08-12,2021-08-29,John Doe
2098,Call Center,Representative,Call Center Senior Representative,female,white,84695.86851,11.09637315,3.4668224,Geo Zone 3,New York,NY,3333,1.2,Company B,Los Angeles,CA,Telecommunications,2021-08-12,2021-08-29,John Doe
2099,Call Center,Representative,Call Center Senior Representative,male,white,85106.03622,2.202987466,2.2029875,Geo Zone 3,New York,NY,3333,1.2,Company B,Los Angeles,CA,Telecommunications,2021-08-12,2021-08-29,John Doe
2100,Call Center,Representative,Call Center Senior Representative,male,black,85256.41799,19.72522387,2.1215187,Geo Zone 3,New York,NY,3333,1.2,Company B,Los Angeles,CA,Telecommunications,2021-08-12,2021-08-29,John Doe
2101,Call Center,Representative,Call Center Senior Representative,male,white,85263.52049,12.5700003,1.5058587,Geo Zone 3,New York,NY,3333,1.2,Company B,Los Angeles,CA,Telecommunications,2021-08-12,2021-08-29,John Doe
2102,Call Center,Representative,Call Center Senior Representative,male,white,85400.3881,15.63263931,2.0787252,Geo Zone 3,New York,NY,3333,1.2,Company B,Los Angeles,CA,Telecommunications,2021-08-12,2021-08-29,John Doe
2103,Call Center,Representative,Call Center Senior Representative,male,white,85887.86572,26.28246213,2.6900915,Geo Zone 3,New York,NY,3333,1.2,Company B,Los Angeles,CA,Telecommunications,2021-08-12,2021-08-29,John Doe
2104,Call Center,Representative,Call Center Senior Representative,female,white,86114.93109,2.128127384,2.1281274,Geo Zone 3,New York,NY,3333,1.2,Company B,Los Angeles,CA,Telecommunications,2021-08-12,2021-08-29,John Doe
2105,Call Center,Supervisor/Team Lead,Team Lead,female,white,86574.04418,14.41926724,0.1644362,Geo Zone 3,New York,NY,3333,1.2,Company B,Los Angeles,CA,Telecommunications,2021-08-12,2021-08-29,John Doe
2106,Call Center,Supervisor/Team Lead,Team Lead,female,white,86831.18504,23.0954753,1.2483681,Geo Zone 3,New York,NY,3333,1.2,Company B,Los Angeles,CA,Telecommunications,2021-08-12,2021-08-29,John Doe
2107,Call Center,Supervisor/Team Lead,Team Lead,male,white,86980.90975,14.06574986,1.2355786,Geo Zone 3,New York,NY,3333,1.2,Company B,Los Angeles,CA,Telecommunications,2021-08-12,2021-08-29,John Doe
2108,Call Center,Supervisor/Team Lead,Team Lead,male,white,87305.76577,13.9497429,3.4361864,Geo Zone 3,New York,NY,3333,1.2,Company B,Los Angeles,CA,Telecommunications,2021-08-12,2021-08-29,John Doe
2109,Call Center,Supervisor/Team Lead,Team Lead,female,white,87723.14949,20.38568041,2.9560658,Geo Zone 3,New York,NY,3333,1.2,Company B,Los Angeles,CA,Telecommunications,2021-08-12,2021-08-29,John Doe
2110,Call Center,Supervisor/Team Lead,Team Lead,female,white,87842.52699,6.511999789,1.7867271,Geo Zone 3,New York,NY,3333,1.2,Company B,Los Angeles,CA,Telecommunications,2021-08-12,2021-08-29,John Doe
2111,Call Center,Supervisor/Team Lead,Team Lead,male,white,88727.28329,3.533392295,0.844402,Geo Zone 3,New York,NY,3333,1.2,Company B,Los Angeles,CA,Telecommunications,2021-08-12,2021-08-29,John Doe
2112,Call Center,Supervisor/Team Lead,Team Lead,male,white,88806.5923,16.17149615,0.6270515,Geo Zone 3,New York,NY,3333,1.2,Company B,Los Angeles,CA,Telecommunications,2021-08-12,2021-08-29,John Doe
2113,Call Center,Supervisor/Team Lead,Team Lead,female,white,89769.24154,1.389861216,1.3898612,Geo Zone 3,New York,NY,3333,1.2,Company B,Los Angeles,CA,Telecommunications,2021-08-12,2021-08-29,John Doe
2114,Call Center,Supervisor/Team Lead,Team Lead,male,white,89977.13424,9.894653837,0.6232462,Geo Zone 3,New York,NY,3333,1.2,Company B,Los Angeles,CA,Telecommunications,2021-08-12,2021-08-29,John Doe
2115,Call Center,Supervisor/Team Lead,Team Lead,male,white,90110.52063,14.98951858,1.8822401,Geo Zone 3,New York,NY,3333,1.2,Company B,Los Angeles,CA,Telecommunications,2021-08-12,2021-08-29,John Doe
2116,Call Center,Supervisor/Team Lead,Team Lead,male,white,90189.06495,8.251033193,0.6446181,Geo Zone 3,New York,NY,3333,1.2,Company B,Los Angeles,CA,Telecommunications,2021-08-12,2021-08-29,John Doe
2117,Call Center,Supervisor/Team Lead,Team Lead,female,two or more,90410.34822,19.90524603,4.7040342,Geo Zone 3,New York,NY,3333,1.2,Company B,Los Angeles,CA,Telecommunications,2021-08-12,2021-08-29,John Doe
2118,Call Center,Supervisor/Team Lead,Team Lead,male,white,90701.98655,12.95806853,1.3811909,Geo Zone 3,New York,NY,3333,1.2,Company B,Los Angeles,CA,Telecommunications,2021-08-12,2021-08-29,John Doe
2119,Call Center,Supervisor/Team Lead,Team Lead,male,white,90968.56603,11.41082877,1.9311299,3,New York,NY,3333,1.2,Company B,Los Angeles,CA,Telecommunications,2021-08-12,2021-08-29,John Doe
2120,Call Center,Supervisor/Team Lead,Team Lead,male,white,90979.9287,20.63360693,0.6224411,3,New York,NY,3333,1.2,Company B,Los Angeles,CA,Telecommunications,2021-08-12,2021-08-29,John Doe
2121,Call Center,Supervisor/Team Lead,Team Lead,male,white,91199.40886,2.742934527,2.7429345,Geo Zone 3,New York,NY,3333,1.2,Company B,Los Angeles,CA,Telecommunications,2021-08-12,2021-08-29,John Doe
2122,Call Center,Supervisor/Team Lead,Team Lead,female,white,91255.14012,9.388306997,0.797794,Geo Zone 3,New York,NY,3333,1.2,Company B,Los Angeles,CA,Telecommunications,2021-08-12,2021-08-29,John Doe
2123,Call Center,Supervisor/Team Lead,Team Lead,male,white,91406.04458,20.08873804,2.5380121,Geo Zone 3,New York,NY,3333,1.2,Company B,Los Angeles,CA,Telecommunications,2021-08-12,2021-08-29,John Doe
2124,Call Center,Supervisor/Team Lead,Team Lead,male,white,91865.24156,14.8983358,2.813605,Geo Zone 3,New York,NY,3333,1.2,Company B,Los Angeles,CA,Telecommunications,2021-08-12,2021-08-29,John Doe
2125,Call Center,Supervisor/Team Lead,Team Lead,female,white,91888.74122,17.3528771,2.2269964,3,New York,NY,3333,1.2,Company B,Los Angeles,CA,Telecommunications,2021-08-12,2021-08-29,John Doe
2126,Call Center,Supervisor/Team Lead,Team Lead,male,white,92188.11383,34.46541752,1.15377,Geo Zone 3,New York,NY,3333,1.2,Company B,Los Angeles,CA,Telecommunications,2021-08-12,2021-08-29,John Doe
2127,Call Center,Supervisor/Team Lead,Team Lead,male,white,92383.90439,13.38723904,4.4759825,Geo Zone 3,New York,NY,3333,1.2,Company B,Los Angeles,CA,Telecommunications,2021-08-12,2021-08-29,John Doe
2128,Call Center,Supervisor/Team Lead,Team Lead,male,two or more,92418.19206,14.35313014,1.4187338,Geo Zone 3,New York,NY,3333,1.2,Company B,Los Angeles,CA,Telecommunications,2021-08-12,2021-08-29,John Doe
2129,Call Center,Supervisor/Team Lead,Team Lead,male,white,92599.40599,1.063150349,1.0631503,Geo Zone 3,New York,NY,3333,1.2,Company B,Los Angeles,CA,Telecommunications,2021-08-12,2021-08-29,John Doe
2130,Call Center,Supervisor/Team Lead,Team Lead,male,white,93454.82649,22.68755998,3.0756585,Geo Zone 3,New York,NY,3333,1.2,Company B,Los Angeles,CA,Telecommunications,2021-08-12,2021-08-29,John Doe
2131,Call Center,Supervisor/Team Lead,Team Lead,male,white,93770.44441,14.64156787,4.3345169,Geo Zone 3,New York,NY,3333,1.2,Company B,Los Angeles,CA,Telecommunications,2021-08-12,2021-08-29,John Doe
2132,Call Center,Supervisor/Team Lead,Team Lead,female,white,93892.00844,16.36496863,0.5823132,3,New York,NY,3333,1.2,Company B,Los Angeles,CA,Telecommunications,2021-08-12,2021-08-29,John Doe
2133,Call Center,Supervisor/Team Lead,Team Lead,male,white,94089.84954,7.911835357,1.8510177,Geo Zone 3,New York,NY,3333,1.2,Company B,Los Angeles,CA,Telecommunications,2021-08-12,2021-08-29,John Doe
2134,Call Center,Supervisor/Team Lead,Team Lead,female,white,94962.1637,31.0227149,3.4553437,3,New York,NY,3333,1.2,Company B,Los Angeles,CA,Telecommunications,2021-08-12,2021-08-29,John Doe
2135,Call Center,Supervisor/Team Lead,Team Lead,male,white,94994.87048,3.799953309,3.7999533,3,New York,NY,3333,1.2,Company B,Los Angeles,CA,Telecommunications,2021-08-12,2021-08-29,John Doe
2136,Call Center,Supervisor/Team Lead,Team Lead,2136,white,95341.57982,23.85778802,0.4126919,Geo Zone 3,New York,NY,3333,1.2,Company B,Los Angeles,CA,Telecommunications,2021-08-12,2021-08-29,John Doe
2137,Call Center,Supervisor/Team Lead,Team Lead,male,white,95854.1003,9.645451707,3.8184928,Geo Zone 3,New York,NY,3333,1.2,Company B,Los Angeles,CA,Telecommunications,2021-08-12,2021-08-29,John Doe
2138,Call Center,Supervisor/Team Lead,Team Lead,male,white,96196.11208,1.415712758,1.4157128,Geo Zone 3,New York,NY,3333,1.2,Company B,Los Angeles,CA,Telecommunications,2021-08-12,2021-08-29,John Doe
2139,Call Center,Supervisor/Team Lead,Team Lead,female,white,96676.19843,22.74926143,3.1364115,Geo Zone 3,New York,NY,3333,1.2,Company B,Los Angeles,CA,Telecommunications,2021-08-12,2021-08-29,John Doe
2140,Call Center,Supervisor/Team Lead,Team Lead,male,white,96750.27019,21.66894687,1.232777,Geo Zone 3,New York,NY,3333,1.2,Company B,Los Angeles,CA,Telecommunications,2021-08-12,2021-08-29,John Doe
2141,Call Center,Supervisor/Team Lead,Team Lead,female,hispanic,96818.45854,1.884066593,0.3356836,Geo Zone 3,New York,NY,3333,1.2,Company B,Los Angeles,CA,Telecommunications,2021-08-12,2021-08-29,John Doe
2142,Call Center,Supervisor/Team Lead,Team Lead,male,white,96864.68655,6.823967373,0.4622921,Geo Zone 3,New York,NY,3333,1.2,Company B,Los Angeles,CA,Telecommunications,2021-08-12,2021-08-29,John Doe
2143,Call Center,Supervisor/Team Lead,Team Lead,female,black,97014.45592,8.291717051,2.7738432,Geo Zone 3,New York,NY,3333,1.2,Company B,Los Angeles,CA,Telecommunications,2021-08-12,2021-08-29,John Doe
2144,Call Center,Supervisor/Team Lead,Team Lead,female,white,97231.10817,7.014775274,1.6434428,Geo Zone 3,New York,NY,3333,1.2,Company B,Los Angeles,CA,Telecommunications,2021-08-12,2021-08-29,John Doe
2145,Call Center,Supervisor/Team Lead,Team Lead,male,white,97422.47684,13.8138065,0.822628,Geo Zone 3,New York,NY,3333,1.2,Company B,Los Angeles,CA,Telecommunications,2021-08-12,2021-08-29,John Doe
2146,Call Center,Supervisor/Team Lead,Team Lead,female,white,98132.61252,28.50260179,3.4971055,Geo Zone 3,New York,NY,3333,1.2,Company B,Los Angeles,CA,Telecommunications,2021-08-12,2021-08-29,John Doe
2147,Call Center,Supervisor/Team Lead,Team Lead,male,white,98732.20126,24.27653436,3.5545371,Geo Zone 3,New York,NY,3333,1.2,Company B,Los Angeles,CA,Telecommunications,2021-08-12,2021-08-29,John Doe
2148,Call Center,Supervisor/Team Lead,Team Lead,female,white,98782.87506,22.77300745,1.8424888,Geo Zone 3,New York,NY,3333,1.2,Company B,Los Angeles,CA,Telecommunications,2021-08-12,2021-08-29,John Doe
2149,Call Center,Supervisor/Team Lead,Team Lead,male,white,98871.67184,23.76444422,0.6025299,Geo Zone 3,New York,NY,3333,1.2,Company B,Los Angeles,CA,Telecommunications,2021-08-12,2021-08-29,John Doe
2150,Call Center,Supervisor/Team Lead,Team Lead,female,black,99275.40485,21.41026977,6.5283223,Geo Zone 3,New York,NY,3333,1.2,Company B,Los Angeles,CA,Telecommunications,2021-08-12,2021-08-29,John Doe
2151,Call Center,Supervisor/Team Lead,Team Lead,female,white,99402.43572,8.870954676,2.7907427,3,New York,NY,3333,1.2,Company B,Los Angeles,CA,Telecommunications,2021-08-12,2021-08-29,John Doe
2152,Call Center,Supervisor/Team Lead,Team Lead,2152,white,99677.78659,11.52718659,2.1504537,Geo Zone 3,New York,NY,3333,1.2,Company B,Los Angeles,CA,Telecommunications,2021-08-12,2021-08-29,John Doe
2153,Call Center,Manager,Call Center Supervisor,female,white,100417.8981,15.00574953,1.6370102,Geo Zone 3,New York,NY,3333,1.2,Company B,Los Angeles,CA,Telecommunications,2021-08-12,2021-08-29,John Doe
2154,Call Center,Manager,Call Center Supervisor,female,white,100479.2069,24.70218192,1.1778768,3,New York,NY,3333,1.2,Company B,Los Angeles,CA,Telecommunications,2021-08-12,2021-08-29,John Doe
2155,Call Center,Manager,Call Center Supervisor,female,white,100494.9232,19.01679496,3.0238124,Geo Zone 3,New York,NY,3333,1.2,Company B,Los Angeles,CA,Telecommunications,2021-08-12,2021-08-29,John Doe
2156,Call Center,Manager,Call Center Supervisor,male,white,100638.3484,21.84381546,1.2391883,Geo Zone 3,New York,NY,3333,1.2,Company B,Los Angeles,CA,Telecommunications,2021-08-12,2021-08-29,John Doe
2157,Call Center,Manager,Call Center Supervisor,female,white,101146.2699,24.05397442,2.7873368,Geo Zone 3,New York,NY,3333,1.2,Company B,Los Angeles,CA,Telecommunications,2021-08-12,2021-08-29,John Doe
2158,Call Center,Manager,Call Center Supervisor,male,white,101462.5424,6.149470308,5.4982876,Geo Zone 3,New York,NY,3333,1.2,Company B,Los Angeles,CA,Telecommunications,2021-08-12,2021-08-29,John Doe
2159,Call Center,Manager,Call Center Supervisor,female,white,101898.4914,17.37935075,1.133869,Geo Zone 3,New York,NY,3333,1.2,Company B,Los Angeles,CA,Telecommunications,2021-08-12,2021-08-29,John Doe
2160,Call Center,Manager,Call Center Supervisor,male,white,102425.4767,16.48118932,5.6667883,Geo Zone 3,New York,NY,3333,1.2,Company B,Los Angeles,CA,Telecommunications,2021-08-12,2021-08-29,John Doe
2161,Call Center,Manager,Call Center Supervisor,2161,white,102560.9646,17.2727643,6.5635435,Geo Zone 3,New York,NY,3333,1.2,Company B,Los Angeles,CA,Telecommunications,2021-08-12,2021-08-29,John Doe
2162,Call Center,Manager,Call Center Supervisor,male,white,103285.994,4.066767211,4.0667672,Geo Zone 3,New York,NY,3333,1.2,Company B,Los Angeles,CA,Telecommunications,2021-08-12,2021-08-29,John Doe
2163,Call Center,Manager,Call Center Supervisor,female,white,103769.1076,6.975959044,0.0706563,Geo Zone 3,New York,NY,3333,1.2,Company B,Los Angeles,CA,Telecommunications,2021-08-12,2021-08-29,John Doe
2164,Call Center,Manager,Call Center Supervisor,male,white,103865.9596,19.90087092,3.2876807,3,New York,NY,3333,1.2,Company B,Los Angeles,CA,Telecommunications,2021-08-12,2021-08-29,John Doe
2165,Call Center,Manager,Call Center Supervisor,female,white,103921.8996,22.65658538,7.613839,Geo Zone 3,New York,NY,3333,1.2,Company B,Los Angeles,CA,Telecommunications,2021-08-12,2021-08-29,John Doe
2166,Call Center,Manager,Call Center Supervisor,male,white,103923.001,9.401577167,1.5991002,Geo Zone 3,New York,NY,3333,1.2,Company B,Los Angeles,CA,Telecommunications,2021-08-12,2021-08-29,John Doe
2167,Call Center,Manager,Call Center Supervisor,male,white,104160.3774,10.59328792,4.8763371,Geo Zone 3,New York,NY,3333,1.2,Company B,Los Angeles,CA,Telecommunications,2021-08-12,2021-08-29,John Doe
2168,Call Center,Manager,Call Center Supervisor,male,white,104747.3725,17.35227076,5.1389011,Geo Zone 3,New York,NY,3333,1.2,Company B,Los Angeles,CA,Telecommunications,2021-08-12,2021-08-29,John Doe
2169,Call Center,Manager,Call Center Supervisor,female,white,104963.8069,15.97316302,1.7556042,Geo Zone 3,New York,NY,3333,1.2,Company B,Los Angeles,CA,Telecommunications,2021-08-12,2021-08-29,John Doe
2170,Call Center,Manager,Call Center Supervisor,female,white,105097.0518,6.757077646,6.7570776,Geo Zone 3,New York,NY,3333,1.2,Company B,Los Angeles,CA,Telecommunications,2021-08-12,2021-08-29,John Doe
2171,Call Center,Manager,Call Center Supervisor,2171,white,105824.9855,21.55062743,0.8566012,Geo Zone 3,New York,NY,3333,1.2,Company B,Los Angeles,CA,Telecommunications,2021-08-12,2021-08-29,John Doe
2172,Call Center,Manager,Call Center Supervisor,male,white,106121.1098,25.59893598,1.0946234,Geo Zone 3,New York,NY,3333,1.2,Company B,Los Angeles,CA,Telecommunications,2021-08-12,2021-08-29,John Doe
2173,Call Center,Manager,Call Center Supervisor,male,white,106207.4702,15.95647759,2.6429171,Geo Zone 3,New York,NY,3333,1.2,Company B,Los Angeles,CA,Telecommunications,2021-08-12,2021-08-29,John Doe
2174,Call Center,Manager,Call Center Supervisor,female,white,106361.7683,8.403137181,0.7574429,Geo Zone 3,New York,NY,3333,1.2,Company B,Los Angeles,CA,Telecommunications,2021-08-12,2021-08-29,John Doe
2175,Call Center,Manager,Call Center Supervisor,female,white,106420.2867,11.41715262,0.6488831,Geo Zone 3,New York,NY,3333,1.2,Company B,Los Angeles,CA,Telecommunications,2021-08-12,2021-08-29,John Doe
2176,Call Center,Manager,Call Center Supervisor,male,white,106989.4712,5.508275473,0.5792784,Geo Zone 3,New York,NY,3333,1.2,Company B,Los Angeles,CA,Telecommunications,2021-08-12,2021-08-29,John Doe
2177,Call Center,Manager,Call Center Supervisor,male,white,107100.0579,25.91920258,6.5243933,Geo Zone 3,New York,NY,3333,1.2,Company B,Los Angeles,CA,Telecommunications,2021-08-12,2021-08-29,John Doe
2178,Call Center,Manager,Call Center Supervisor,female,white,107237.7542,33.60173464,5.2520303,Geo Zone 3,New York,NY,3333,1.2,Company B,Los Angeles,CA,Telecommunications,2021-08-12,2021-08-29,John Doe
2179,Call Center,Manager,Call Center Supervisor,male,white,107268.7743,20.14381493,3.4216284,Geo Zone 3,New York,NY,3333,1.2,Company B,Los Angeles,CA,Telecommunications,2021-08-12,2021-08-29,John Doe
2180,Call Center,Manager,Call Center Supervisor,female,white,107717.3447,18.15588688,5.2646876,3,New York,NY,3333,1.2,Company B,Los Angeles,CA,Telecommunications,2021-08-12,2021-08-29,John Doe
2181,Call Center,Manager,Call Center Supervisor,male,white,108049.1691,3.727914437,3.7279144,3,New York,NY,3333,1.2,Company B,Los Angeles,CA,Telecommunications,2021-08-12,2021-08-29,John Doe
2182,Call Center,Manager,Call Center Supervisor,male,white,108544.6988,8.283747926,8.2837479,Geo Zone 3,New York,NY,3333,1.2,Company B,Los Angeles,CA,Telecommunications,2021-08-12,2021-08-29,John Doe
2183,Call Center,Manager,Call Center Supervisor,male,white,108928.5213,24.4530413,1.2327239,Geo Zone 3,New York,NY,3333,1.2,Company B,Los Angeles,CA,Telecommunications,2021-08-12,2021-08-29,John Doe
2184,Call Center,Manager,Call Center Supervisor,female,white,109063.3348,1.711065656,1.7110657,Geo Zone 3,New York,NY,3333,1.2,Company B,Los Angeles,CA,Telecommunications,2021-08-12,2021-08-29,John Doe
2185,Call Center,Manager,Call Center Supervisor,female,white,109502.5024,8.91971746,7.9624039,Geo Zone 3,New York,NY,3333,1.2,Company B,Los Angeles,CA,Telecommunications,2021-08-12,2021-08-29,John Doe
2186,Call Center,Manager,Call Center Supervisor,2186,white,109616.151,7.533142879,7.5331429,3,New York,NY,3333,1.2,Company B,Los Angeles,CA,Telecommunications,2021-08-12,2021-08-29,John Doe
2187,Call Center,Manager,Call Center Supervisor,male,white,109899.5223,6.163332187,0.7444643,Geo Zone 3,New York,NY,3333,1.2,Company B,Los Angeles,CA,Telecommunications,2021-08-12,2021-08-29,John Doe
2188,Call Center,Manager,Call Center Supervisor,female,white,110391.0777,21.95073816,7.6696676,Geo Zone 3,New York,NY,3333,1.2,Company B,Los Angeles,CA,Telecommunications,2021-08-12,2021-08-29,John Doe
2189,Call Center,Manager,Call Center Supervisor,male,white,110699.4683,5.093209674,5.0932097,Geo Zone 3,New York,NY,3333,1.2,Company B,Los Angeles,CA,Telecommunications,2021-08-12,2021-08-29,John Doe
2190,Call Center,Manager,Call Center Supervisor,male,white,110729.1321,20.45154384,2.275379,Geo Zone 3,New York,NY,3333,1.2,Company B,Los Angeles,CA,Telecommunications,2021-08-12,2021-08-29,John Doe
2191,Call Center,Manager,Call Center Supervisor,female,white,111073.8996,1.041201691,1.0412017,Geo Zone 3,New York,NY,3333,1.2,Company B,Los Angeles,CA,Telecommunications,2021-08-12,2021-08-29,John Doe
2192,Call Center,Manager,Call Center Supervisor,female,white,111099.3692,13.16705397,8.1227019,Geo Zone 3,New York,NY,3333,1.2,Company B,Los Angeles,CA,Telecommunications,2021-08-12,2021-08-29,John Doe
2193,Call Center,Manager,Call Center Supervisor,male,hispanic,111233.6485,1.666403794,1.6664038,3,New York,NY,3333,1.2,Company B,Los Angeles,CA,Telecommunications,2021-08-12,2021-08-29,John Doe
2194,Call Center,Manager,Call Center Supervisor,male,white,111323.776,5.789209181,5.7892092,Geo Zone 3,New York,NY,3333,1.2,Company B,Los Angeles,CA,Telecommunications,2021-08-12,2021-08-29,John Doe
2195,Call Center,Manager,Call Center Supervisor,male,white,111511.6544,3.345495446,3.3454954,Geo Zone 3,New York,NY,3333,1.2,Company B,Los Angeles,CA,Telecommunications,2021-08-12,2021-08-29,John Doe
2196,Call Center,Manager,Call Center Supervisor,female,white,111605.8993,21.04273952,2.7883429,3,New York,NY,3333,1.2,Company B,Los Angeles,CA,Telecommunications,2021-08-12,2021-08-29,John Doe
2197,Call Center,Manager,Call Center Supervisor,female,white,111647.3181,5.048185946,3.0892239,Geo Zone 3,New York,NY,3333,1.2,Company B,Los Angeles,CA,Telecommunications,2021-08-12,2021-08-29,John Doe
2198,Call Center,Manager,Call Center Supervisor,female,white,111770.5891,10.64362338,0.8967171,Geo Zone 3,New York,NY,3333,1.2,Company B,Los Angeles,CA,Telecommunications,2021-08-12,2021-08-29,John Doe
2199,Call Center,Manager,Call Center Supervisor,male,black,112095.1888,18.202661,3.6376011,Geo Zone 3,New York,NY,3333,1.2,Company B,Los Angeles,CA,Telecommunications,2021-08-12,2021-08-29,John Doe
2200,Call Center,Manager,Call Center Supervisor,male,white,112117.3243,6.245538114,6.2455381,Geo Zone 3,New York,NY,3333,1.2,Company B,Los Angeles,CA,Telecommunications,2021-08-12,2021-08-29,John Doe
2201,Call Center,Manager,Call Center Supervisor,female,white,112352.6177,5.880218629,0.5489717,3,New York,NY,3333,1.2,Company B,Los Angeles,CA,Telecommunications,2021-08-12,2021-08-29,John Doe
2202,Call Center,Manager,Call Center Supervisor,female,white,112888.8121,18.0529243,1.167449,Geo Zone 3,New York,NY,3333,1.2,Company B,Los Angeles,CA,Telecommunications,2021-08-12,2021-08-29,John Doe
2203,Call Center,Manager,Call Center Supervisor,female,two or more,112928.6931,20.63576526,2.4456456,Geo Zone 3,New York,NY,3333,1.2,Company B,Los Angeles,CA,Telecommunications,2021-08-12,2021-08-29,John Doe
2204,Call Center,Manager,Call Center Supervisor,female,asian,113293.6949,0.357961008,0.357961,Geo Zone 3,New York,NY,3333,1.2,Company B,Los Angeles,CA,Telecommunications,2021-08-12,2021-08-29,John Doe
2205,Call Center,Manager,Call Center Supervisor,male,white,113398.5637,9.121511811,7.3102951,Geo Zone 3,New York,NY,3333,1.2,Company B,Los Angeles,CA,Telecommunications,2021-08-12,2021-08-29,John Doe
2206,Call Center,Manager,Call Center Supervisor,male,hispanic,113484.7435,13.75618815,1.5413084,Geo Zone 3,New York,NY,3333,1.2,Company B,Los Angeles,CA,Telecommunications,2021-08-12,2021-08-29,John Doe
2207,Call Center,Manager,Call Center Supervisor,female,white,113524.3531,1.41726928,1.4172693,Geo Zone 3,New York,NY,3333,1.2,Company B,Los Angeles,CA,Telecommunications,2021-08-12,2021-08-29,John Doe
2208,Call Center,Manager,Call Center Supervisor,female,white,113826.7883,8.668233006,2.6957687,Geo Zone 3,New York,NY,3333,1.2,Company B,Los Angeles,CA,Telecommunications,2021-08-12,2021-08-29,John Doe
2209,Call Center,Manager,Call Center Supervisor,male,white,113964.7316,6.859919412,6.8599194,Geo Zone 3,New York,NY,3333,1.2,Company B,Los Angeles,CA,Telecommunications,2021-08-12,2021-08-29,John Doe
2210,Call Center,Manager,Call Center Supervisor,male,white,113991.569,13.07318304,1.9346652,Geo Zone 3,New York,NY,3333,1.2,Company B,Los Angeles,CA,Telecommunications,2021-08-12,2021-08-29,John Doe
2211,Call Center,Manager,Call Center Supervisor,female,white,114244.0769,28.08887103,0.8748906,Geo Zone 3,New York,NY,3333,1.2,Company B,Los Angeles,CA,Telecommunications,2021-08-12,2021-08-29,John Doe
2212,Call Center,Manager,Call Center Supervisor,male,white,114713.9967,1.863266873,1.8632669,Geo Zone 3,New York,NY,3333,1.2,Company B,Los Angeles,CA,Telecommunications,2021-08-12,2021-08-29,John Doe
2213,Call Center,Manager,Call Center Supervisor,male,white,114726.5401,5.020991671,5.0209917,Geo Zone 3,New York,NY,3333,1.2,Company B,Los Angeles,CA,Telecommunications,2021-08-12,2021-08-29,John Doe
2214,Call Center,Manager,Call Center Supervisor,male,white,115236.0285,8.482095423,1.793136,Geo Zone 3,New York,NY,3333,1.2,Company B,Los Angeles,CA,Telecommunications,2021-08-12,2021-08-29,John Doe
2215,Call Center,Manager,Call Center Supervisor,female,white,115412.8498,4.405691491,2.9710274,Geo Zone 3,New York,NY,3333,1.2,Company B,Los Angeles,CA,Telecommunications,2021-08-12,2021-08-29,John Doe
2216,Call Center,Manager,Call Center Supervisor,male,asian,115423.142,1.114944808,1.1149448,Geo Zone 3,New York,NY,3333,1.2,Company B,Los Angeles,CA,Telecommunications,2021-08-12,2021-08-29,John Doe
2217,Call Center,Manager,Call Center Supervisor,female,white,115528.8567,11.60757512,1.8024896,Geo Zone 3,New York,NY,3333,1.2,Company B,Los Angeles,CA,Telecommunications,2021-08-12,2021-08-29,John Doe
2218,Call Center,Manager,Call Center Supervisor,male,white,115541.3061,20.30322259,1.2096177,Geo Zone 3,New York,NY,3333,1.2,Company B,Los Angeles,CA,Telecommunications,2021-08-12,2021-08-29,John Doe
2219,Call Center,Manager,Call Center Supervisor,female,white,116612.2916,35.81806897,0.6674074,Geo Zone 3,New York,NY,3333,1.2,Company B,Los Angeles,CA,Telecommunications,2021-08-12,2021-08-29,John Doe
2220,Call Center,Manager,Call Center Supervisor,female,white,116738.0726,20.62508367,0.1068449,Geo Zone 3,New York,NY,3333,1.2,Company B,Los Angeles,CA,Telecommunications,2021-08-12,2021-08-29,John Doe
2221,Call Center,Manager,Call Center Supervisor,female,white,116929.2532,20.70273075,3.3490457,Geo Zone 3,New York,NY,3333,1.2,Company B,Los Angeles,CA,Telecommunications,2021-08-12,2021-08-29,John Doe
2222,Call Center,Manager,Call Center Supervisor,female,white,117092.9407,5.645840315,0.708246,Geo Zone 3,New York,NY,3333,1.2,Company B,Los Angeles,CA,Telecommunications,2021-08-12,2021-08-29,John Doe
2223,Call Center,Manager,Call Center Supervisor,male,white,117289.5307,28.2887319,2.2193451,Geo Zone 3,New York,NY,3333,1.2,Company B,Los Angeles,CA,Telecommunications,2021-08-12,2021-08-29,John Doe
2224,Call Center,Manager,Call Center Supervisor,female,white,117610.8591,12.40047673,2.4253023,Geo Zone 3,New York,NY,3333,1.2,Company B,Los Angeles,CA,Telecommunications,2021-08-12,2021-08-29,John Doe
2225,Call Center,Manager,Call Center Supervisor,male,white,118473.8531,16.60247941,1.181746,Geo Zone 3,New York,NY,3333,1.2,Company B,Los Angeles,CA,Telecommunications,2021-08-12,2021-08-29,John Doe
2226,Call Center,Manager,Call Center Supervisor,male,white,118586.8166,4.30284019,3.4195336,Geo Zone 3,New York,NY,3333,1.2,Company B,Los Angeles,CA,Telecommunications,2021-08-12,2021-08-29,John Doe
2227,Call Center,Manager,Call Center Supervisor,male,white,118644.8235,11.70373575,1.2503856,Geo Zone 3,New York,NY,3333,1.2,Company B,Los Angeles,CA,Telecommunications,2021-08-12,2021-08-29,John Doe
2228,Call Center,Manager,Call Center Supervisor,female,white,118780.3455,17.68519438,0.3071357,Geo Zone 3,New York,NY,3333,1.2,Company B,Los Angeles,CA,Telecommunications,2021-08-12,2021-08-29,John Doe
2229,Call Center,Manager,Call Center Supervisor,female,white,118863.3703,17.9922048,3.3596022,Geo Zone 3,New York,NY,3333,1.2,Company B,Los Angeles,CA,Telecommunications,2021-08-12,2021-08-29,John Doe
2230,Call Center,Manager,Call Center Supervisor,2230,white,119034.3826,5.954621697,5.9546217,Geo Zone 3,New York,NY,3333,1.2,Company B,Los Angeles,CA,Telecommunications,2021-08-12,2021-08-29,John Doe
2231,Call Center,Manager,Call Center Manager,male,white,120088.5068,11.38708637,0.8535686,Geo Zone 3,New York,NY,3333,1.2,Company B,Los Angeles,CA,Telecommunications,2021-08-12,2021-08-29,John Doe
2232,Call Center,Manager,Call Center Manager,2232,white,120324.4686,7.859841174,7.8598412,Geo Zone 3,New York,NY,3333,1.2,Company B,Los Angeles,CA,Telecommunications,2021-08-12,2021-08-29,John Doe
2233,Call Center,Manager,Call Center Manager,male,white,120496.7648,21.94566784,3.4858256,Geo Zone 3,New York,NY,3333,1.2,Company B,Los Angeles,CA,Telecommunications,2021-08-12,2021-08-29,John Doe
2234,Call Center,Manager,Call Center Manager,male,black,120621.4303,15.22642947,1.6718039,Geo Zone 3,New York,NY,3333,1.2,Company B,Los Angeles,CA,Telecommunications,2021-08-12,2021-08-29,John Doe
2235,Call Center,Manager,Call Center Manager,male,white,120804.6324,5.120287569,2.7963969,Geo Zone 3,New York,NY,3333,1.2,Company B,Los Angeles,CA,Telecommunications,2021-08-12,2021-08-29,John Doe
2236,Call Center,Manager,Call Center Manager,male,asian,120931.0373,9.652664825,9.6526648,Geo Zone 3,New York,NY,3333,1.2,Company B,Los Angeles,CA,Telecommunications,2021-08-12,2021-08-29,John Doe
2237,Call Center,Manager,Call Center Manager,male,white,120932.6321,8.62744252,3.1223382,Geo Zone 3,New York,NY,3333,1.2,Company B,Los Angeles,CA,Telecommunications,2021-08-12,2021-08-29,John Doe
2238,Call Center,Manager,Call Center Manager,male,black,121183.1872,9.597766352,1.5816626,Geo Zone 3,New York,NY,3333,1.2,Company B,Los Angeles,CA,Telecommunications,2021-08-12,2021-08-29,John Doe
2239,Call Center,Manager,Call Center Manager,female,white,122282.0218,9.198155225,9.1981552,Geo Zone 3,New York,NY,3333,1.2,Company B,Los Angeles,CA,Telecommunications,2021-08-12,2021-08-29,John Doe
2240,Call Center,Manager,Call Center Manager,male,white,122448.9714,12.36200974,1.2022652,Geo Zone 3,New York,NY,3333,1.2,Company B,Los Angeles,CA,Telecommunications,2021-08-12,2021-08-29,John Doe
2241,Call Center,Manager,Call Center Manager,female,white,122943.0648,18.38583126,9.05096,Geo Zone 3,New York,NY,3333,1.2,Company B,Los Angeles,CA,Telecommunications,2021-08-12,2021-08-29,John Doe
2242,Call Center,Manager,Call Center Manager,2242,hispanic,123000.7305,22.72127494,4.3795059,3,New York,NY,3333,1.2,Company B,Los Angeles,CA,Telecommunications,2021-08-12,2021-08-29,John Doe
2243,Call Center,Manager,Call Center Manager,male,white,123081.9446,20.44102222,1.6406549,Geo Zone 3,New York,NY,3333,1.2,Company B,Los Angeles,CA,Telecommunications,2021-08-12,2021-08-29,John Doe
2244,Call Center,Manager,Call Center Manager,male,white,123174.5019,9.167847706,0.6314834,Geo Zone 3,New York,NY,3333,1.2,Company B,Los Angeles,CA,Telecommunications,2021-08-12,2021-08-29,John Doe
2245,Call Center,Manager,Call Center Manager,male,white,123653.2629,14.3161261,4.2977688,Geo Zone 3,New York,NY,3333,1.2,Company B,Los Angeles,CA,Telecommunications,2021-08-12,2021-08-29,John Doe
2246,Call Center,Manager,Call Center Manager,female,white,123743.5719,27.57067137,1.0796186,3,New York,NY,3333,1.2,Company B,Los Angeles,CA,Telecommunications,2021-08-12,2021-08-29,John Doe
2247,Call Center,Manager,Call Center Manager,male,white,123843.7634,18.75809754,3.0974678,Geo Zone 3,New York,NY,3333,1.2,Company B,Los Angeles,CA,Telecommunications,2021-08-12,2021-08-29,John Doe
2248,Call Center,Manager,Call Center Manager,male,black,123919.7537,2.185154291,2.0434352,Geo Zone 3,New York,NY,3333,1.2,Company B,Los Angeles,CA,Telecommunications,2021-08-12,2021-08-29,John Doe
2249,Call Center,Manager,Call Center Manager,male,white,124130.368,22.54300169,1.1320602,Geo Zone 3,New York,NY,3333,1.2,Company B,Los Angeles,CA,Telecommunications,2021-08-12,2021-08-29,John Doe
2250,Call Center,Manager,Call Center Manager,male,white,124530.7787,2.099704799,2.0997048,Geo Zone 3,New York,NY,3333,1.2,Company B,Los Angeles,CA,Telecommunications,2021-08-12,2021-08-29,John Doe
2251,Call Center,Manager,Call Center Manager,female,white,124695.3646,10.51497223,0.8538963,Geo Zone 3,New York,NY,3333,1.2,Company B,Los Angeles,CA,Telecommunications,2021-08-12,2021-08-29,John Doe
2252,Call Center,Manager,Call Center Manager,female,white,125255.7763,10.41203877,10.412039,Geo Zone 3,New York,NY,3333,1.2,Company B,Los Angeles,CA,Telecommunications,2021-08-12,2021-08-29,John Doe
2253,Call Center,Manager,Call Center Manager,male,white,125389.2096,18.21312675,3.9304048,3,New York,NY,3333,1.2,Company B,Los Angeles,CA,Telecommunications,2021-08-12,2021-08-29,John Doe
2254,Call Center,Manager,Call Center Manager,male,white,125540.0693,11.50138662,4.3143864,Geo Zone 3,New York,NY,3333,1.2,Company B,Los Angeles,CA,Telecommunications,2021-08-12,2021-08-29,John Doe
2255,Call Center,Manager,Call Center Manager,female,hispanic,125564.3544,24.50194429,5.032078,Geo Zone 3,New York,NY,3333,1.2,Company B,Los Angeles,CA,Telecommunications,2021-08-12,2021-08-29,John Doe
2256,Call Center,Manager,Call Center Manager,female,white,125688.4865,3.091246371,3.0912464,Geo Zone 3,New York,NY,3333,1.2,Company B,Los Angeles,CA,Telecommunications,2021-08-12,2021-08-29,John Doe
2257,Call Center,Manager,Call Center Manager,female,white,125746.1841,9.48696469,3.791866,3,New York,NY,3333,1.2,Company B,Los Angeles,CA,Telecommunications,2021-08-12,2021-08-29,John Doe
2258,Call Center,Manager,Call Center Manager,female,white,126242.456,1.500989753,1.5009898,Geo Zone 3,New York,NY,3333,1.2,Company B,Los Angeles,CA,Telecommunications,2021-08-12,2021-08-29,John Doe
2259,Call Center,Manager,Call Center Manager,male,white,126463.459,17.22710915,2.1056015,Geo Zone 3,New York,NY,3333,1.2,Company B,Los Angeles,CA,Telecommunications,2021-08-12,2021-08-29,John Doe
2260,Call Center,Manager,Call Center Manager,female,white,126783.8888,17.3134693,2.7393884,Geo Zone 3,New York,NY,3333,1.2,Company B,Los Angeles,CA,Telecommunications,2021-08-12,2021-08-29,John Doe
2261,Call Center,Manager,Call Center Manager,female,white,127302.5651,24.27979228,2.4006029,Geo Zone 3,New York,NY,3333,1.2,Company B,Los Angeles,CA,Telecommunications,2021-08-12,2021-08-29,John Doe
2262,Call Center,Manager,Call Center Manager,female,white,127619.7078,12.06869095,1.7430672,Geo Zone 3,New York,NY,3333,1.2,Company B,Los Angeles,CA,Telecommunications,2021-08-12,2021-08-29,John Doe
2263,Call Center,Manager,Call Center Manager,male,white,127628.1616,17.57622924,3.3357105,Geo Zone 3,New York,NY,3333,1.2,Company B,Los Angeles,CA,Telecommunications,2021-08-12,2021-08-29,John Doe
2264,Call Center,Manager,Call Center Manager,male,hispanic,127807.0189,5.507594628,2.8074135,Geo Zone 3,New York,NY,3333,1.2,Company B,Los Angeles,CA,Telecommunications,2021-08-12,2021-08-29,John Doe
2265,Call Center,Manager,Call Center Manager,male,white,127853.3015,9.421323693,8.8956801,Geo Zone 3,New York,NY,3333,1.2,Company B,Los Angeles,CA,Telecommunications,2021-08-12,2021-08-29,John Doe
2266,Call Center,Manager,Call Center Manager,female,white,127862.1588,21.87514804,2.4907371,Geo Zone 3,New York,NY,3333,1.2,Company B,Los Angeles,CA,Telecommunications,2021-08-12,2021-08-29,John Doe
2267,Call Center,Manager,Call Center Manager,female,white,128015.961,10.67049013,0.6560173,Geo Zone 3,New York,NY,3333,1.2,Company B,Los Angeles,CA,Telecommunications,2021-08-12,2021-08-29,John Doe
2268,Call Center,Manager,Call Center Manager,female,white,128195.5151,13.07217218,5.9950945,Geo Zone 3,New York,NY,3333,1.2,Company B,Los Angeles,CA,Telecommunications,2021-08-12,2021-08-29,John Doe
2269,Call Center,Manager,Call Center Manager,male,white,128308.1835,16.37888682,2.902114,Geo Zone 3,New York,NY,3333,1.2,Company B,Los Angeles,CA,Telecommunications,2021-08-12,2021-08-29,John Doe
2270,Call Center,Manager,Call Center Manager,male,white,128472.3439,14.36903781,4.3051873,Geo Zone 3,New York,NY,3333,1.2,Company B,Los Angeles,CA,Telecommunications,2021-08-12,2021-08-29,John Doe
2271,Call Center,Manager,Call Center Manager,female,white,128716.5489,18.21974943,5.0768604,Geo Zone 3,New York,NY,3333,1.2,Company B,Los Angeles,CA,Telecommunications,2021-08-12,2021-08-29,John Doe
2272,Call Center,Manager,Call Center Manager,female,hispanic,129063.9535,25.88630974,3.0648318,Geo Zone 3,New York,NY,3333,1.2,Company B,Los Angeles,CA,Telecommunications,2021-08-12,2021-08-29,John Doe
2273,Call Center,Manager,Call Center Manager,female,white,129191.7103,8.901760484,8.9017605,Geo Zone 3,New York,NY,3333,1.2,Company B,Los Angeles,CA,Telecommunications,2021-08-12,2021-08-29,John Doe
2274,Call Center,Manager,Call Center Manager,male,white,129336.8728,18.51062126,0.5052114,Geo Zone 3,New York,NY,3333,1.2,Company B,Los Angeles,CA,Telecommunications,2021-08-12,2021-08-29,John Doe
2275,Call Center,Manager,Call Center Manager,male,white,129414.0188,2.239501367,2.2395014,Geo Zone 3,New York,NY,3333,1.2,Company B,Los Angeles,CA,Telecommunications,2021-08-12,2021-08-29,John Doe
2276,Call Center,Manager,Call Center Manager,female,white,129520.2431,8.776688406,1.8522641,3,New York,NY,3333,1.2,Company B,Los Angeles,CA,Telecommunications,2021-08-12,2021-08-29,John Doe
2277,Call Center,Manager,Call Center Manager,male,white,129520.9683,9.11175828,9.1117583,Geo Zone 3,New York,NY,3333,1.2,Company B,Los Angeles,CA,Telecommunications,2021-08-12,2021-08-29,John Doe
2278,Call Center,Manager,Call Center Manager,female,white,129587.8942,16.60105193,1.5557532,Geo Zone 3,New York,NY,3333,1.2,Company B,Los Angeles,CA,Telecommunications,2021-08-12,2021-08-29,John Doe
2279,Call Center,Manager,Call Center Manager,male,white,129597.6678,5.577196898,1.0163051,Geo Zone 3,New York,NY,3333,1.2,Company B,Los Angeles,CA,Telecommunications,2021-08-12,2021-08-29,John Doe
2280,Call Center,Manager,Call Center Manager,female,hispanic,129621.0619,4.160938526,4.1609385,Geo Zone 3,New York,NY,3333,1.2,Company B,Los Angeles,CA,Telecommunications,2021-08-12,2021-08-29,John Doe
2281,Call Center,Manager,Call Center Manager,male,white,129675.2917,10.16457086,3.1288769,Geo Zone 3,New York,NY,3333,1.2,Company B,Los Angeles,CA,Telecommunications,2021-08-12,2021-08-29,John Doe
2282,Call Center,Manager,Call Center Manager,male,white,129871.3699,11.33033775,10.806049,Geo Zone 3,New York,NY,3333,1.2,Company B,Los Angeles,CA,Telecommunications,2021-08-12,2021-08-29,John Doe
2283,Call Center,Manager,Call Center Manager,male,white,130261.2039,19.73159749,9.2522966,Geo Zone 3,New York,NY,3333,1.2,Company B,Los Angeles,CA,Telecommunications,2021-08-12,2021-08-29,John Doe
2284,Call Center,Manager,Call Center Manager,male,white,130309.8922,24.51097519,3.7657086,Geo Zone 3,New York,NY,3333,1.2,Company B,Los Angeles,CA,Telecommunications,2021-08-12,2021-08-29,John Doe
2285,Call Center,Manager,Call Center Manager,2285,white,130476.8093,32.41063782,2.6942038,Geo Zone 3,New York,NY,3333,1.2,Company B,Los Angeles,CA,Telecommunications,2021-08-12,2021-08-29,John Doe
2286,Call Center,Manager,Call Center Manager,female,white,130574.435,28.72609925,1.5873533,Geo Zone 3,New York,NY,3333,1.2,Company B,Los Angeles,CA,Telecommunications,2021-08-12,2021-08-29,John Doe
2287,Call Center,Manager,Call Center Manager,2287,white,130577.442,9.229983071,1.0961831,Geo Zone 3,New York,NY,3333,1.2,Company B,Los Angeles,CA,Telecommunications,2021-08-12,2021-08-29,John Doe
2288,Call Center,Manager,Call Center Manager,female,white,131032.4874,11.32782191,11.105517,Geo Zone 3,New York,NY,3333,1.2,Company B,Los Angeles,CA,Telecommunications,2021-08-12,2021-08-29,John Doe
2289,Call Center,Manager,Call Center Manager,male,two or more,131217.0393,11.56458957,4.1602893,Geo Zone 3,New York,NY,3333,1.2,Company B,Los Angeles,CA,Telecommunications,2021-08-12,2021-08-29,John Doe
2290,Call Center,Manager,Call Center Manager,2290,white,131450.1109,30.25605622,10.914518,Geo Zone 3,New York,NY,3333,1.2,Company B,Los Angeles,CA,Telecommunications,2021-08-12,2021-08-29,John Doe
2291,Call Center,Manager,Call Center Manager,male,white,131529.4536,10.85569441,2.5646173,Geo Zone 3,New York,NY,3333,1.2,Company B,Los Angeles,CA,Telecommunications,2021-08-12,2021-08-29,John Doe
2292,Call Center,Manager,Call Center Manager,female,white,131577.2754,12.94134675,2.9023987,Geo Zone 3,New York,NY,3333,1.2,Company B,Los Angeles,CA,Telecommunications,2021-08-12,2021-08-29,John Doe
2293,Call Center,Manager,Call Center Manager,female,white,131922.472,19.07659805,5.8351152,Geo Zone 3,New York,NY,3333,1.2,Company B,Los Angeles,CA,Telecommunications,2021-08-12,2021-08-29,John Doe
2294,Call Center,Manager,Call Center Manager,male,white,132357.0836,3.608767641,3.6087676,Geo Zone 3,New York,NY,3333,1.2,Company B,Los Angeles,CA,Telecommunications,2021-08-12,2021-08-29,John Doe
2295,Call Center,Manager,Call Center Manager,female,white,132686.6229,20.28524558,9.1246904,Geo Zone 3,New York,NY,3333,1.2,Company B,Los Angeles,CA,Telecommunications,2021-08-12,2021-08-29,John Doe
2296,Call Center,Manager,Call Center Manager,male,white,133032.403,24.42920186,10.428553,Geo Zone 3,New York,NY,3333,1.2,Company B,Los Angeles,CA,Telecommunications,2021-08-12,2021-08-29,John Doe
2297,Call Center,Manager,Call Center Manager,male,white,133072.9436,10.25838127,0.9950074,Geo Zone 3,New York,NY,3333,1.2,Company B,Los Angeles,CA,Telecommunications,2021-08-12,2021-08-29,John Doe
2298,Call Center,Manager,Call Center Manager,male,white,133583.2204,22.58741538,5.6354101,Geo Zone 3,New York,NY,3333,1.2,Company B,Los Angeles,CA,Telecommunications,2021-08-12,2021-08-29,John Doe
2299,Call Center,Manager,Call Center Manager,male,white,133666.4085,9.872562378,4.5505763,Geo Zone 3,New York,NY,3333,1.2,Company B,Los Angeles,CA,Telecommunications,2021-08-12,2021-08-29,John Doe
2300,Call Center,Manager,Call Center Manager,female,white,134144.0507,4.912953886,4.9129539,Geo Zone 3,New York,NY,3333,1.2,Company B,Los Angeles,CA,Telecommunications,2021-08-12,2021-08-29,John Doe
2301,Call Center,Manager,Call Center Manager,male,white,134382.8033,30.8222705,1.4202879,Geo Zone 3,New York,NY,3333,1.2,Company B,Los Angeles,CA,Telecommunications,2021-08-12,2021-08-29,John Doe
2302,Call Center,Manager,Call Center Manager,female,white,135170.5675,15.73130803,4.961902,Geo Zone 3,New York,NY,3333,1.2,Company B,Los Angeles,CA,Telecommunications,2021-08-12,2021-08-29,John Doe
2303,Call Center,Manager,Call Center Manager,male,white,135237.04,3.794503737,3.7945037,Geo Zone 3,New York,NY,3333,1.2,Company B,Los Angeles,CA,Telecommunications,2021-08-12,2021-08-29,John Doe
2304,Call Center,Manager,Call Center Manager,male,white,135708.5262,7.757210165,7.7572102,Geo Zone 3,New York,NY,3333,1.2,Company B,Los Angeles,CA,Telecommunications,2021-08-12,2021-08-29,John Doe
2305,Call Center,Manager,Call Center Manager,female,white,136004.7486,11.84371284,2.6261761,Geo Zone 3,New York,NY,3333,1.2,Company B,Los Angeles,CA,Telecommunications,2021-08-12,2021-08-29,John Doe
2306,Call Center,Manager,Call Center Manager,female,white,136917.2274,2.827668934,2.8276689,Geo Zone 3,New York,NY,3333,1.2,Company B,Los Angeles,CA,Telecommunications,2021-08-12,2021-08-29,John Doe
2307,Call Center,Manager,Call Center Manager,female,white,136957.7028,20.62337633,13.858607,Geo Zone 3,New York,NY,3333,1.2,Company B,Los Angeles,CA,Telecommunications,2021-08-12,2021-08-29,John Doe
2308,Call Center,Manager,Call Center Manager,male,white,136985.7398,32.71361193,2.3608247,Geo Zone 3,New York,NY,3333,1.2,Company B,Los Angeles,CA,Telecommunications,2021-08-12,2021-08-29,John Doe
2309,Call Center,Manager,Call Center Manager,male,white,137080.9679,5.762423828,3.3815338,Geo Zone 3,New York,NY,3333,1.2,Company B,Los Angeles,CA,Telecommunications,2021-08-12,2021-08-29,John Doe
2310,Call Center,Manager,Call Center Manager,male,white,137534.2942,11.72777609,11.727776,Geo Zone 3,New York,NY,3333,1.2,Company B,Los Angeles,CA,Telecommunications,2021-08-12,2021-08-29,John Doe
2311,Call Center,Manager,Call Center Manager,male,white,137875.2483,11.24519309,2.3655667,Geo Zone 3,New York,NY,3333,1.2,Company B,Los Angeles,CA,Telecommunications,2021-08-12,2021-08-29,John Doe
2312,Call Center,Manager,Call Center Manager,male,white,138057.2383,13.47971923,2.9906437,Geo Zone 3,New York,NY,3333,1.2,Company B,Los Angeles,CA,Telecommunications,2021-08-12,2021-08-29,John Doe
2313,Call Center,Manager,Call Center Manager,female,white,138667.7043,18.65378956,12.579053,Geo Zone 3,New York,NY,3333,1.2,Company B,Los Angeles,CA,Telecommunications,2021-08-12,2021-08-29,John Doe
2314,Call Center,Manager,Call Center Manager,female,white,138817.4419,5.188253293,5.1882533,Geo Zone 3,New York,NY,3333,1.2,Company B,Los Angeles,CA,Telecommunications,2021-08-12,2021-08-29,John Doe
2315,Call Center,Manager,Call Center Manager,female,white,139344.2983,13.30381493,12.145294,Geo Zone 3,New York,NY,3333,1.2,Company B,Los Angeles,CA,Telecommunications,2021-08-12,2021-08-29,John Doe
2316,Call Center,Manager,Call Center Manager,female,white,139470.2499,19.40262332,4.6887279,Geo Zone 3,New York,NY,3333,1.2,Company B,Los Angeles,CA,Telecommunications,2021-08-12,2021-08-29,John Doe
2317,Call Center,Manager,Call Center Manager,male,white,139723.0281,6.553508053,6.5535081,Geo Zone 3,New York,NY,3333,1.2,Company B,Los Angeles,CA,Telecommunications,2021-08-12,2021-08-29,John Doe
2318,Call Center,Manager,Call Center Manager,female,white,140006.5682,2.638340907,2.6383409,Geo Zone 3,New York,NY,3333,1.2,Company B,Los Angeles,CA,Telecommunications,2021-08-12,2021-08-29,John Doe
2319,Call Center,Manager,Call Center Manager,female,white,140152.9011,12.58851884,5.7017679,3,New York,NY,3333,1.2,Company B,Los Angeles,CA,Telecommunications,2021-08-12,2021-08-29,John Doe
2320,Call Center,Manager,Call Center Manager,male,white,140415.795,24.27050355,5.8239008,Geo Zone 3,New York,NY,3333,1.2,Company B,Los Angeles,CA,Telecommunications,2021-08-12,2021-08-29,John Doe
2321,Call Center,Manager,Call Center Manager,male,white,140451.9557,25.55478847,12.547818,Geo Zone 3,New York,NY,3333,1.2,Company B,Los Angeles,CA,Telecommunications,2021-08-12,2021-08-29,John Doe
2322,Call Center,Manager,Call Center Manager,female,white,140695.6752,12.63391289,5.5800175,Geo Zone 3,New York,NY,3333,1.2,Company B,Los Angeles,CA,Telecommunications,2021-08-12,2021-08-29,John Doe
2323,Call Center,Manager,Call Center Manager,male,asian,140880.9462,7.716601108,7.7166011,3,New York,NY,3333,1.2,Company B,Los Angeles,CA,Telecommunications,2021-08-12,2021-08-29,John Doe
2324,Call Center,Manager,Call Center Manager,male,white,141084.0247,2.613486025,2.613486,Geo Zone 3,New York,NY,3333,1.2,Company B,Los Angeles,CA,Telecommunications,2021-08-12,2021-08-29,John Doe
2325,Call Center,Manager,Call Center Manager,female,white,141345.4623,12.26233157,12.262332,Geo Zone 3,New York,NY,3333,1.2,Company B,Los Angeles,CA,Telecommunications,2021-08-12,2021-08-29,John Doe
2326,Call Center,Manager,Call Center Manager,male,white,142853.7536,15.02289704,11.222011,Geo Zone 3,New York,NY,3333,1.2,Company B,Los Angeles,CA,Telecommunications,2021-08-12,2021-08-29,John Doe
2327,Call Center,Manager,Call Center Manager,female,white,143252.4507,6.858458953,6.858459,Geo Zone 3,New York,NY,3333,1.2,Company B,Los Angeles,CA,Telecommunications,2021-08-12,2021-08-29,John Doe
2328,Call Center,Manager,Call Center Manager,male,white,143626.5559,11.79058865,4.8269884,3,New York,NY,3333,1.2,Company B,Los Angeles,CA,Telecommunications,2021-08-12,2021-08-29,John Doe
2329,Call Center,Manager,Call Center Manager,male,white,144011.6205,13.28442146,13.284421,Geo Zone 3,New York,NY,3333,1.2,Company B,Los Angeles,CA,Telecommunications,2021-08-12,2021-08-29,John Doe
2330,Call Center,Manager,Call Center Manager,male,black,144251.0013,5.184926961,5.184927,Geo Zone 3,New York,NY,3333,1.2,Company B,Los Angeles,CA,Telecommunications,2021-08-12,2021-08-29,John Doe
2331,Call Center,Manager,Call Center Manager,male,white,146261.2849,5.702900126,5.7029001,Geo Zone 3,New York,NY,3333,1.2,Company B,Los Angeles,CA,Telecommunications,2021-08-12,2021-08-29,John Doe
2332,Call Center,Manager,Senior Manager Call Center,male,white,147273.3416,14.28944834,13.605221,3,New York,NY,3333,1.2,Company B,Los Angeles,CA,Telecommunications,2021-08-12,2021-08-29,John Doe
2333,Call Center,Manager,Senior Manager Call Center,male,white,147515.2448,12.35313191,12.353132,Geo Zone 3,New York,NY,3333,1.2,Company B,Los Angeles,CA,Telecommunications,2021-08-12,2021-08-29,John Doe
2334,Call Center,Manager,Senior Manager Call Center,male,white,148168.712,20.09620473,0.9369676,Geo Zone 3,New York,NY,3333,1.2,Company B,Los Angeles,CA,Telecommunications,2021-08-12,2021-08-29,John Doe
2335,Call Center,Manager,Senior Manager Call Center,female,white,148737.3089,22.6326443,8.7317586,Geo Zone 3,New York,NY,3333,1.2,Company B,Los Angeles,CA,Telecommunications,2021-08-12,2021-08-29,John Doe
2336,Call Center,Manager,Senior Manager Call Center,male,white,148980.2698,14.64297146,14.377917,Geo Zone 3,New York,NY,3333,1.2,Company B,Los Angeles,CA,Telecommunications,2021-08-12,2021-08-29,John Doe
2337,Call Center,Manager,Senior Manager Call Center,male,white,149162.0871,14.28783402,8.3894334,3,New York,NY,3333,1.2,Company B,Los Angeles,CA,Telecommunications,2021-08-12,2021-08-29,John Doe
2338,Call Center,Manager,Senior Manager Call Center,male,white,149296.4986,8.296866061,3.2995985,Geo Zone 3,New York,NY,3333,1.2,Company B,Los Angeles,CA,Telecommunications,2021-08-12,2021-08-29,John Doe
2339,Call Center,Manager,Senior Manager Call Center,male,white,150512.7372,1.745958157,1.7459582,3,New York,NY,3333,1.2,Company B,Los Angeles,CA,Telecommunications,2021-08-12,2021-08-29,John Doe
2340,Call Center,Manager,Senior Manager Call Center,2340,white,153206.8402,22.98657552,4.8794566,Geo Zone 3,New York,NY,3333,1.2,Company B,Los Angeles,CA,Telecommunications,2021-08-12,2021-08-29,John Doe
2341,Call Center,Manager,Senior Manager Call Center,male,white,155007.3897,9.447939057,9.4479391,Geo Zone 3,New York,NY,3333,1.2,Company B,Los Angeles,CA,Telecommunications,2021-08-12,2021-08-29,John Doe
2342,Call Center,Manager,Senior Manager Call Center,female,white,157555.3813,10.08668167,10.086682,Geo Zone 3,New York,NY,3333,1.2,Company B,Los Angeles,CA,Telecommunications,2021-08-12,2021-08-29,John Doe
2343,Call Center,Manager,Senior Manager Call Center,female,white,157717.2605,18.6340032,5.5526725,Geo Zone 3,New York,NY,3333,1.2,Company B,Los Angeles,CA,Telecommunications,2021-08-12,2021-08-29,John Doe
2344,Call Center,Manager,Senior Manager Call Center,female,white,158079.3857,18.23116254,10.786934,Geo Zone 3,New York,NY,3333,1.2,Company B,Los Angeles,CA,Telecommunications,2021-08-12,2021-08-29,John Doe
2345,Call Center,Manager,Senior Manager Call Center,female,white,158696.3943,14.43079172,14.115804,Geo Zone 3,New York,NY,3333,1.2,Company B,Los Angeles,CA,Telecommunications,2021-08-12,2021-08-29,John Doe
2346,Call Center,Manager,Senior Manager Call Center,female,white,158924.5809,27.84040324,14.928573,Geo Zone 3,New York,NY,3333,1.2,Company B,Los Angeles,CA,Telecommunications,2021-08-12,2021-08-29,John Doe
2347,Call Center,Manager,Senior Manager Call Center,male,white,159094.3609,14.97782072,14.977821,Geo Zone 3,New York,NY,3333,1.2,Company B,Los Angeles,CA,Telecommunications,2021-08-12,2021-08-29,John Doe
2348,Call Center,Manager,Senior Manager Call Center,2348,white,159238.4922,16.29769262,12.192362,Geo Zone 3,New York,NY,3333,1.2,Company B,Los Angeles,CA,Telecommunications,2021-08-12,2021-08-29,John Doe
2349,Call Center,Manager,Senior Manager Call Center,male,white,159564.1524,15.36208925,14.109351,Geo Zone 3,New York,NY,3333,1.2,Company B,Los Angeles,CA,Telecommunications,2021-08-12,2021-08-29,John Doe
2350,Call Center,Manager,Senior Manager Call Center,2350,white,162249.7718,17.14718859,15.971503,Geo Zone 3,New York,NY,3333,1.2,Company B,Los Angeles,CA,Telecommunications,2021-08-12,2021-08-29,John Doe
2351,Call Center,Manager,Senior Manager Call Center,male,white,163826.0082,11.26299094,11.262991,Geo Zone 3,New York,NY,3333,1.2,Company B,Los Angeles,CA,Telecommunications,2021-08-12,2021-08-29,John Doe
2352,Call Center,Manager,Senior Manager Call Center,male,white,164054.1661,20.35744396,16.619248,3,New York,NY,3333,1.2,Company B,Los Angeles,CA,Telecommunications,2021-08-12,2021-08-29,John Doe
2353,Call Center,Manager,Senior Manager Call Center,male,white,166988.1831,14.86683885,14.866839,Geo Zone 3,New York,NY,3333,1.2,Company B,Los Angeles,CA,Telecommunications,2021-08-12,2021-08-29,John Doe
2354,Call Center,Manager,Senior Manager Call Center,2354,white,168678.2569,13.2675087,13.267509,Geo Zone 3,New York,NY,3333,1.2,Company B,Los Angeles,CA,Telecommunications,2021-08-12,2021-08-29,John Doe
2355,Call Center,Manager,Senior Manager Call Center,male,white,174102.0909,25.25532473,9.6511636,Geo Zone 3,New York,NY,3333,1.2,Company B,Los Angeles,CA,Telecommunications,2021-08-12,2021-08-29,John Doe
2356,Call Center,Manager,Senior Manager Call Center,male,white,186834.6585,19.99335116,19.993351,Geo Zone 3,New York,NY,3333,1.2,Company B,Los Angeles,CA,Telecommunications,2021-08-12,2021-08-29,John Doe
2357,Call Center,Director,Director Call Center,female,white,192089.966,19.84903633,19.849036,Geo Zone 3,New York,NY,3333,1.2,Company B,Los Angeles,CA,Telecommunications,2021-08-12,2021-08-29,John Doe
2358,Call Center,Director,Director Call Center,female,white,246790.9723,42.6832838,42.683284,3,New York,NY,3333,1.2,Company B,Los Angeles,CA,Telecommunications,2021-08-12,2021-08-29,John Doe
2359,Call Center,Director,Director Call Center,male,white,249409.1987,38.18172401,38.181724,Geo Zone 3,New York,NY,3333,1.2,Company B,Los Angeles,CA,Telecommunications,2021-08-12,2021-08-29,John Doe
1573,Administrative Support,Individual Contributor,Office Lead,female,asian,20060.0,21.5,3.87,Geo Zone 2,Denver,CO,2222,0.9,Company B,Los Angeles,CA,Telecommunications,2021-08-12,2021-08-29,John Doe
1574,Administrative Support,Support/Admin,Administrative Assistant III,female,two or more,69075.5111,24.3500827,24.350083,Geo Zone 2,Austin,TX,2222,0.9,Company B,Los Angeles,CA,Telecommunications,2021-08-12,2021-08-29,John Doe
1575,Administrative Support,Support/Admin,Administrative Assistant IV,female,hispanic,69289.26951,21.5,3.87,Geo Zone 2,Denver,CO,2222,0.9,Company B,Los Angeles,CA,Telecommunications,2021-08-12,2021-08-29,John Doe
1576,Administrative Support,Support/Admin,Senior Administrative Assistant,female,white,71091.51907,25.40405541,1.016461,Geo Zone 2,Seattle,WA,2222,0.9,Company B,Los Angeles,CA,Telecommunications,2021-08-12,2021-08-29,John Doe
1577,Administrative Support,Support/Admin,Senior Administrative Assistant,female,white,71255.36052,30.04371095,0.8188212,Geo Zone 2,Seattle,WA,2222,0.9,Company B,Los Angeles,CA,Telecommunications,2021-08-12,2021-08-29,John Doe
1578,Administrative Support,Support/Admin,Administrative Assistant IV,female,white,70413.9803,18.71108969,18.71109,2,Austin,TX,2222,0.9,Company B,Los Angeles,CA,Telecommunications,2021-08-12,2021-08-29,John Doe
1579,Administrative Support,Support/Admin,Senior Administrative Assistant,female,black,71985.99345,12.58417047,1.0753867,Geo Zone 2,Austin,TX,2222,0.9,Company B,Los Angeles,CA,Telecommunications,2021-08-12,2021-08-29,John Doe
1580,Administrative Support,Support/Admin,Administrative Assistant IV,female,black,72398.8848,23.12580976,23.12581,Geo Zone 2,Seattle,WA,2222,0.9,Company B,Los Angeles,CA,Telecommunications,2021-08-12,2021-08-29,John Doe
1581,Administrative Support,Support/Admin,Senior Administrative Assistant,female,white,73644.22659,20.23491196,1.8347233,Geo Zone 2,Seattle,WA,2222,0.9,Company B,Los Angeles,CA,Telecommunications,2021-08-12,2021-08-29,John Doe
1582,Administrative Support,Support/Admin,Senior Administrative Assistant,female,white,74135.49456,23.03775564,0.7677545,Geo Zone 2,Seattle,WA,2222,0.9,Company B,Los Angeles,CA,Telecommunications,2021-08-12,2021-08-29,John Doe
1583,Administrative Support,Support/Admin,Senior Administrative Assistant,female,black,74285.90744,26.30827012,0.4181672,Geo Zone 2,Seattle,WA,2222,0.9,Company B,Los Angeles,CA,Telecommunications,2021-08-12,2021-08-29,John Doe
1584,Administrative Support,Support/Admin,Executive Assistant,female,black,75983.62163,7.28416372,0.7452038,Geo Zone 2,Seattle,WA,2222,0.9,Company B,Los Angeles,CA,Telecommunications,2021-08-12,2021-08-29,John Doe
1585,Administrative Support,Support/Admin,Executive Assistant,female,two or more,76489.61602,3.735043844,0.2209937,Geo Zone 2,Seattle,WA,2222,0.9,Company B,Los Angeles,CA,Telecommunications,2021-08-12,2021-08-29,John Doe
1586,Administrative Support,Support/Admin,Executive Assistant,female,white,78625.40113,12.18866819,1.7865011,Geo Zone 2,Seattle,WA,2222,0.9,Company B,Los Angeles,CA,Telecommunications,2021-08-12,2021-08-29,John Doe
1587,Administrative Support,Support/Admin,Executive Assistant,female,white,80198.06456,18.98880321,2.12067,Geo Zone 2,Austin,TX,2222,0.9,Company B,Los Angeles,CA,Telecommunications,2021-08-12,2021-08-29,John Doe
1588,Administrative Support,Support/Admin,Executive Assistant,female,white,80260.09867,2.698676296,1.1989173,Geo Zone 2,Seattle,WA,2222,0.9,Company B,Los Angeles,CA,Telecommunications,2021-08-12,2021-08-29,John Doe
1589,Administrative Support,Support/Admin,Executive Assistant,female,white,81376.11096,0.767050939,0.7670509,Geo Zone 2,Austin,TX,2222,0.9,Company B,Los Angeles,CA,Telecommunications,2021-08-12,2021-08-29,John Doe
1590,Administrative Support,Support/Admin,Executive Assistant,female,black,82202.49984,15.49468922,0.7513945,Geo Zone 2,Seattle,WA,2222,0.9,Company B,Los Angeles,CA,Telecommunications,2021-08-12,2021-08-29,John Doe
1591,Administrative Support,Support/Admin,Executive Assistant,female,white,84008.73565,24.1417342,1.4373534,Geo Zone 2,Seattle,WA,2222,0.9,Company B,Los Angeles,CA,Telecommunications,2021-08-12,2021-08-29,John Doe
1592,Administrative Support,Support/Admin,Executive Assistant,female,white,85624.21368,11.79778797,1.1981898,2,Seattle,WA,2222,0.9,Company B,Los Angeles,CA,Telecommunications,2021-08-12,2021-08-29,John Doe
1593,Administrative Support,Support/Admin,Executive Assistant,female,white,87305.76734,22.49226938,0.323212,2,Seattle,WA,2222,0.9,Company B,Los Angeles,CA,Telecommunications,2021-08-12,2021-08-29,John Doe
1594,Administrative Support,Support/Admin,Executive Assistant,female,black,89826.89013,26.45838304,1.0455583,Geo Zone 2,Austin,TX,2222,0.9,Company B,Los Angeles,CA,Telecommunications,2021-08-12,2021-08-29,John Doe
1595,Administrative Support,Support/Admin,Executive Assistant,female,black,90704.3376,4.097868788,4.0978688,Geo Zone 2,Seattle,WA,2222,0.9,Company B,Los Angeles,CA,Telecommunications,2021-08-12,2021-08-29,John Doe
1596,Administrative Support,Support/Admin,Executive Assistant,female,white,91821.89417,6.31358064,2.4040903,Geo Zone 2,Seattle,WA,2222,0.9,Company B,Los Angeles,CA,Telecommunications,2021-08-12,2021-08-29,John Doe
1597,Administrative Support,Support/Admin,Executive Assistant,female,white,91861.0865,24.016583,1.4394291,Geo Zone 2,Seattle,WA,2222,0.9,Company B,Los Angeles,CA,Telecommunications,2021-08-12,2021-08-29,John Doe
1598,Administrative Support,Support/Admin,Executive Assistant,1598,white,91905.72269,0.479103865,0.4791039,Geo Zone 2,Seattle,WA,2222,0.9,Company B,Los Angeles,CA,Telecommunications,2021-08-12,2021-08-29,John Doe
1599,Administrative Support,Support/Admin,Executive Assistant,female,black,92017.85221,3.553397591,3.0869961,Geo Zone 2,Seattle,WA,2222,0.9,Company B,Los Angeles,CA,Telecommunications,2021-08-12,2021-08-29,John Doe
1600,Administrative Support,Support/Admin,Executive Assistant,female,white,92164.5087,25.23030678,2.4616148,2,Seattle,WA,2222,0.9,Company B,Los Angeles,CA,Telecommunications,2021-08-12,2021-08-29,John Doe
1601,Administrative Support,Support/Admin,Executive Assistant,female,black,92400.23411,1.71148901,1.2644302,Geo Zone 2,Seattle,WA,2222,0.9,Company B,Los Angeles,CA,Telecommunications,2021-08-12,2021-08-29,John Doe
1602,Administrative Support,Support/Admin,Executive Assistant,female,black,92468.54067,21.88603015,3.843375,2,Seattle,WA,2222,0.9,Company B,Los Angeles,CA,Telecommunications,2021-08-12,2021-08-29,John Doe
1603,Administrative Support,Support/Admin,Executive Assistant,female,black,92912.12012,8.905419919,2.2677697,Geo Zone 2,Seattle,WA,2222,0.9,Company B,Los Angeles,CA,Telecommunications,2021-08-12,2021-08-29,John Doe
1604,Administrative Support,Support/Admin,Executive Assistant,female,white,92940.8658,6.285823176,2.8386604,Geo Zone 2,Seattle,WA,2222,0.9,Company B,Los Angeles,CA,Telecommunications,2021-08-12,2021-08-29,John Doe
1605,Administrative Support,Support/Admin,Executive Assistant,female,white,93466.60772,0.229541,0.229541,Geo Zone 2,Austin,TX,2222,0.9,Company B,Los Angeles,CA,Telecommunications,2021-08-12,2021-08-29,John Doe
1606,Administrative Support,Individual Contributor,Office Lead,1606,white,96978.64516,2.688187207,1.7116298,Geo Zone 2,Seattle,WA,2222,0.9,Company B,Los Angeles,CA,Telecommunications,2021-08-12,2021-08-29,John Doe
1607,Administrative Support,Individual Contributor,Office Lead,female,white,97253.00168,13.63707348,3.1119242,Geo Zone 2,Seattle,WA,2222,0.9,Company B,Los Angeles,CA,Telecommunications,2021-08-12,2021-08-29,John Doe
1608,Administrative Support,Individual Contributor,Office Lead,female,black,97415.56689,21.77560393,3.8283261,Geo Zone 2,Seattle,WA,2222,0.9,Company B,Los Angeles,CA,Telecommunications,2021-08-12,2021-08-29,John Doe
1609,Administrative Support,Individual Contributor,Office Lead,female,two or more,98496.81705,10.29981383,1.8537417,2,Austin,TX,2222,0.9,Company B,Los Angeles,CA,Telecommunications,2021-08-12,2021-08-29,John Doe
1610,Administrative Support,Individual Contributor,Office Lead,female,white,99018.2599,1.084630626,1.0846306,Geo Zone 2,Seattle,WA,2222,0.9,Company B,Los Angeles,CA,Telecommunications,2021-08-12,2021-08-29,John Doe
1611,Administrative Support,Individual Contributor,Office Lead,female,white,99738.09301,37.33697895,4.7693606,Geo Zone 2,Seattle,WA,2222,0.9,Company B,Los Angeles,CA,Telecommunications,2021-08-12,2021-08-29,John Doe
1612,Administrative Support,Individual Contributor,Office Lead,female,black,100705.7457,17.01322908,0.4887809,Geo Zone 2,Seattle,WA,2222,0.9,Company B,Los Angeles,CA,Telecommunications,2021-08-12,2021-08-29,John Doe
1613,Administrative Support,Individual Contributor,Office Lead,female,white,101481.1235,23.83867823,1.5285218,Geo Zone 2,Seattle,WA,2222,0.9,Company B,Los Angeles,CA,Telecommunications,2021-08-12,2021-08-29,John Doe
1614,Administrative Support,Individual Contributor,Office Lead,female,white,102634.9053,13.72204314,6.2329497,Geo Zone 2,Seattle,WA,2222,0.9,Company B,Los Angeles,CA,Telecommunications,2021-08-12,2021-08-29,John Doe
1615,Administrative Support,Individual Contributor,Office Lead,female,white,103404.5667,25.35823075,1.2858237,Geo Zone 2,Seattle,WA,2222,0.9,Company B,Los Angeles,CA,Telecommunications,2021-08-12,2021-08-29,John Doe
1616,Administrative Support,Individual Contributor,Office Lead,1616,white,103528.8828,20.57296818,0.5731338,Geo Zone 2,Seattle,WA,2222,0.9,Company B,Los Angeles,CA,Telecommunications,2021-08-12,2021-08-29,John Doe
1617,Administrative Support,Individual Contributor,Office Lead,female,white,104310.7299,3.679950325,2.8264653,Geo Zone 2,Seattle,WA,2222,0.9,Company B,Los Angeles,CA,Telecommunications,2021-08-12,2021-08-29,John Doe
1618,Administrative Support,Individual Contributor,Office Lead,female,hispanic,104379.436,13.50798865,5.6466411,Geo Zone 2,Austin,TX,2222,0.9,Company B,Los Angeles,CA,Telecommunications,2021-08-12,2021-08-29,John Doe
1619,Administrative Support,Individual Contributor,Office Lead,female,hispanic,104510.4433,19.88056318,6.1135108,Geo Zone 2,Seattle,WA,2222,0.9,Company B,Los Angeles,CA,Telecommunications,2021-08-12,2021-08-29,John Doe
1620,Administrative Support,Individual Contributor,Office Lead,female,two or more,104828.9783,4.222773624,4.2227736,Geo Zone 2,Seattle,WA,2222,0.9,Company B,Los Angeles,CA,Telecommunications,2021-08-12,2021-08-29,John Doe
1621,Administrative Support,Individual Contributor,Office Lead,female,white,105253.4557,25.49134393,0.9277303,Geo Zone 2,Seattle,WA,2222,0.9,Company B,Los Angeles,CA,Telecommunications,2021-08-12,2021-08-29,John Doe
1622,Administrative Support,Individual Contributor,Office Lead,female,white,105294.5509,7.186491169,0.2353534,Geo Zone 2,Seattle,WA,2222,0.9,Company B,Los Angeles,CA,Telecommunications,2021-08-12,2021-08-29,John Doe
1623,Administrative Support,Individual Contributor,Office Lead,female,black,105448.7599,17.1397403,1.4922284,Geo Zone 2,Seattle,WA,2222,0.9,Company B,Los Angeles,CA,Telecommunications,2021-08-12,2021-08-29,John Doe
1624,Administrative Support,Individual Contributor,Office Lead,1624,black,105930.4401,2.236813944,2.2368139,Geo Zone 2,Seattle,WA,2222,0.9,Company B,Los Angeles,CA,Telecommunications,2021-08-12,2021-08-29,John Doe
1625,Administrative Support,Individual Contributor,Office Lead,female,two or more,106014.7368,7.89402586,4.8823192,Geo Zone 2,Seattle,WA,2222,0.9,Company B,Los Angeles,CA,Telecommunications,2021-08-12,2021-08-29,John Doe
1626,Administrative Support,Individual Contributor,Office Lead,female,white,106042.2392,18.87961842,0.5601568,Geo Zone 2,Seattle,WA,2222,0.9,Company B,Los Angeles,CA,Telecommunications,2021-08-12,2021-08-29,John Doe
1627,Administrative Support,Individual Contributor,Office Lead,1627,hispanic,106602.9506,28.60160724,1.507587,2,Seattle,WA,2222,0.9,Company B,Los Angeles,CA,Telecommunications,2021-08-12,2021-08-29,John Doe
1628,Administrative Support,Individual Contributor,Office Lead,female,black,106845.6859,16.44051268,6.0477413,Geo Zone 2,Austin,TX,2222,0.9,Company B,Los Angeles,CA,Telecommunications,2021-08-12,2021-08-29,John Doe
1629,Administrative Support,Individual Contributor,Office Lead,female,white,107571.6968,1.048423207,1.0484232,Geo Zone 2,Austin,TX,2222,0.9,Company B,Los Angeles,CA,Telecommunications,2021-08-12,2021-08-29,John Doe
1630,Administrative Support,Individual Contributor,Office Lead,female,white,108122.4811,6.993048919,5.0134321,2,Seattle,WA,2222,0.9,Company B,Los Angeles,CA,Telecommunications,2021-08-12,2021-08-29,John Doe
1631,Administrative Support,Individual Contributor,Office Lead,female,white,108325.1054,6.83544599,1.038031,Geo Zone 2,Seattle,WA,2222,0.9,Company B,Los Angeles,CA,Telecommunications,2021-08-12,2021-08-29,John Doe
1632,Administrative Support,Individual Contributor,Office Lead,female,white,108921.9892,20.52453123,8.2382752,Geo Zone 2,Seattle,WA,2222,0.9,Company B,Los Angeles,CA,Telecommunications,2021-08-12,2021-08-29,John Doe
1633,Administrative Support,Individual Contributor,Office Lead,female,white,109428.1865,31.5935931,3.1051212,Geo Zone 2,Seattle,WA,2222,0.9,Company B,Los Angeles,CA,Telecommunications,2021-08-12,2021-08-29,John Doe
1634,Administrative Support,Individual Contributor,Office Lead,female,white,109690.0849,16.52836155,5.958071,Geo Zone 2,Seattle,WA,2222,0.9,Company B,Los Angeles,CA,Telecommunications,2021-08-12,2021-08-29,John Doe
1635,Administrative Support,Individual Contributor,Office Lead,female,white,111233.473,9.121513876,1.1693268,Geo Zone 2,Austin,TX,2222,0.9,Company B,Los Angeles,CA,Telecommunications,2021-08-12,2021-08-29,John Doe
1636,Administrative Support,Individual Contributor,Office Lead,female,white,111283.4255,9.221035513,3.1734362,Geo Zone 2,Seattle,WA,2222,0.9,Company B,Los Angeles,CA,Telecommunications,2021-08-12,2021-08-29,John Doe
1637,Administrative Support,Individual Contributor,Office Lead,1637,black,112863.2363,8.227318465,0.9559972,2,Seattle,WA,2222,0.9,Company B,Los Angeles,CA,Telecommunications,2021-08-12,2021-08-29,John Doe
1638,Administrative Support,Manager,Office Manager,female,white,113021.979,10.85031036,1.4787075,Geo Zone 2,Seattle,WA,2222,0.9,Company B,Los Angeles,CA,Telecommunications,2021-08-12,2021-08-29,John Doe
1639,Administrative Support,Manager,Office Manager,female,black,113310.2537,4.761591927,4.7615919,Geo Zone 2,Austin,TX,2222,0.9,Company B,Los Angeles,CA,Telecommunications,2021-08-12,2021-08-29,John Doe
1640,Administrative Support,Manager,Office Manager,female,white,113345.5246,8.41364465,0.7996652,Geo Zone 2,Seattle,WA,2222,0.9,Company B,Los Angeles,CA,Telecommunications,2021-08-12,2021-08-29,John Doe
1641,Administrative Support,Manager,Office Manager,female,hispanic,114423.3888,4.366897112,1.0828122,Geo Zone 2,Seattle,WA,2222,0.9,Company B,Los Angeles,CA,Telecommunications,2021-08-12,2021-08-29,John Doe
1642,Administrative Support,Manager,Office Manager,1642,white,114810.613,14.44703232,1.0000704,Geo Zone 2,Seattle,WA,2222,0.9,Company B,Los Angeles,CA,Telecommunications,2021-08-12,2021-08-29,John Doe
1643,Administrative Support,Manager,Office Manager,female,white,114922.1651,14.93221879,2.0183726,Geo Zone 2,Seattle,WA,2222,0.9,Company B,Los Angeles,CA,Telecommunications,2021-08-12,2021-08-29,John Doe
1644,Administrative Support,Manager,Office Manager,female,black,115365.8662,4.67184023,1.8899578,Geo Zone 2,Seattle,WA,2222,0.9,Company B,Los Angeles,CA,Telecommunications,2021-08-12,2021-08-29,John Doe
1645,Administrative Support,Manager,Office Manager,female,white,115580.8944,8.613896028,2.7569105,Geo Zone 2,Seattle,WA,2222,0.9,Company B,Los Angeles,CA,Telecommunications,2021-08-12,2021-08-29,John Doe
1646,Administrative Support,Manager,Office Manager,female,hispanic,116406.3242,20.20725602,1.6919521,Geo Zone 2,Austin,TX,2222,0.9,Company B,Los Angeles,CA,Telecommunications,2021-08-12,2021-08-29,John Doe
1647,Administrative Support,Manager,Office Manager,female,white,116675.4289,17.03212211,2.3016303,Geo Zone 2,Austin,TX,2222,0.9,Company B,Los Angeles,CA,Telecommunications,2021-08-12,2021-08-29,John Doe
1648,Administrative Support,Manager,Office Manager,female,two or more,117021.7684,5.268469702,3.4254403,Geo Zone 2,Seattle,WA,2222,0.9,Company B,Los Angeles,CA,Telecommunications,2021-08-12,2021-08-29,John Doe
1649,Administrative Support,Manager,Office Manager,female,white,117324.3683,1.566208001,1.566208,Geo Zone 2,Seattle,WA,2222,0.9,Company B,Los Angeles,CA,Telecommunications,2021-08-12,2021-08-29,John Doe
1650,Administrative Support,Manager,Office Manager,female,white,117859.5693,1.744655329,0.5241244,Geo Zone 2,Seattle,WA,2222,0.9,Company B,Los Angeles,CA,Telecommunications,2021-08-12,2021-08-29,John Doe
1651,Administrative Support,Manager,Office Manager,female,white,118101.0853,15.74596316,5.5235138,Geo Zone 2,Austin,TX,2222,0.9,Company B,Los Angeles,CA,Telecommunications,2021-08-12,2021-08-29,John Doe
1652,Administrative Support,Manager,Office Manager,female,two or more,118309.6452,10.15248709,4.5435515,Geo Zone 2,Seattle,WA,2222,0.9,Company B,Los Angeles,CA,Telecommunications,2021-08-12,2021-08-29,John Doe
1653,Administrative Support,Manager,Office Manager,1653,two or more,118557.0919,21.36311595,0.6414923,Geo Zone 2,Austin,TX,2222,0.9,Company B,Los Angeles,CA,Telecommunications,2021-08-12,2021-08-29,John Doe
1654,Administrative Support,Manager,Office Manager,female,two or more,120210.975,10.05987905,10.059879,Geo Zone 2,Austin,TX,2222,0.9,Company B,Los Angeles,CA,Telecommunications,2021-08-12,2021-08-29,John Doe
1655,Administrative Support,Manager,Office Manager,female,black,120596.2086,11.24114873,3.5580399,2,Seattle,WA,2222,0.9,Company B,Los Angeles,CA,Telecommunications,2021-08-12,2021-08-29,John Doe
1656,Administrative Support,Manager,Office Manager,male,white,121929.6398,20.65202384,5.0730959,Geo Zone 2,Austin,TX,2222,0.9,Company B,Los Angeles,CA,Telecommunications,2021-08-12,2021-08-29,John Doe
1657,Administrative Support,Manager,Office Manager,male,white,122653.3302,11.75003604,0.5917856,Geo Zone 2,Seattle,WA,2222,0.9,Company B,Los Angeles,CA,Telecommunications,2021-08-12,2021-08-29,John Doe
1658,Administrative Support,Manager,Office Manager,male,white,122737.0596,12.35849841,1.0291491,Geo Zone 2,Seattle,WA,2222,0.9,Company B,Los Angeles,CA,Telecommunications,2021-08-12,2021-08-29,John Doe
1659,Administrative Support,Manager,Office Manager,male,white,122745.3721,12.96309465,2.0097066,Geo Zone 2,Seattle,WA,2222,0.9,Company B,Los Angeles,CA,Telecommunications,2021-08-12,2021-08-29,John Doe
1660,Administrative Support,Manager,Office Manager,male,white,123574.7901,4.213096478,1.7240171,Geo Zone 2,Seattle,WA,2222,0.9,Company B,Los Angeles,CA,Telecommunications,2021-08-12,2021-08-29,John Doe
1661,Administrative Support,Manager,Office Manager,1661,white,123576.601,5.042166435,2.2753205,Geo Zone 2,Austin,TX,2222,0.9,Company B,Los Angeles,CA,Telecommunications,2021-08-12,2021-08-29,John Doe
1662,Administrative Support,Manager,Office Manager,male,white,123625.2988,17.36556881,2.6466659,Geo Zone 2,Seattle,WA,2222,0.9,Company B,Los Angeles,CA,Telecommunications,2021-08-12,2021-08-29,John Doe
1663,Administrative Support,Manager,Office Manager,male,white,124260.9145,9.120872246,3.9543596,Geo Zone 2,Seattle,WA,2222,0.9,Company B,Los Angeles,CA,Telecommunications,2021-08-12,2021-08-29,John Doe
1664,Administrative Support,Manager,Office Manager,male,white,125129.4136,7.286938469,1.3140643,Geo Zone 2,Seattle,WA,2222,0.9,Company B,Los Angeles,CA,Telecommunications,2021-08-12,2021-08-29,John Doe
1665,Administrative Support,Manager,Office Manager,male,white,125557.8152,8.206834684,3.7635231,2,Seattle,WA,2222,0.9,Company B,Los Angeles,CA,Telecommunications,2021-08-12,2021-08-29,John Doe
1666,Administrative Support,Manager,Office Manager,male,white,125642.6206,8.527223874,8.5272239,2,Seattle,WA,2222,0.9,Company B,Los Angeles,CA,Telecommunications,2021-08-12,2021-08-29,John Doe
1667,Administrative Support,Manager,Office Manager,male,white,126454.2722,0.716528723,0.7165287,Geo Zone 2,Seattle,WA,2222,0.9,Company B,Los Angeles,CA,Telecommunications,2021-08-12,2021-08-29,John Doe
1668,Administrative Support,Manager,Office Manager,male,white,126625.9026,17.94282936,2.4485826,Geo Zone 2,Seattle,WA,2222,0.9,Company B,Los Angeles,CA,Telecommunications,2021-08-12,2021-08-29,John Doe
1669,Administrative Support,Manager,Office Manager,male,white,126655.9473,16.29853863,4.442737,Geo Zone 2,Seattle,WA,2222,0.9,Company B,Los Angeles,CA,Telecommunications,2021-08-12,2021-08-29,John Doe
1670,Administrative Support,Manager,Office Manager,male,black,126844.1395,19.0044699,1.9716639,2,Seattle,WA,2222,0.9,Company B,Los Angeles,CA,Telecommunications,2021-08-12,2021-08-29,John Doe
1671,Administrative Support,Manager,Office Manager,male,white,127325.981,6.132943356,0.8096968,Geo Zone 2,Seattle,WA,2222,0.9,Company B,Los Angeles,CA,Telecommunications,2021-08-12,2021-08-29,John Doe
1672,Administrative Support,Manager,Office Manager,male,white,127337.9495,29.7967561,2.2626136,Geo Zone 2,Austin,TX,2222,0.9,Company B,Los Angeles,CA,Telecommunications,2021-08-12,2021-08-29,John Doe
1673,Administrative Support,Manager,Office Manager,male,white,128113.9274,5.940191859,1.7985087,Geo Zone 2,Seattle,WA,2222,0.9,Company B,Los Angeles,CA,Telecommunications,2021-08-12,2021-08-29,John Doe
1674,Administrative Support,Manager,Office Manager,male,black,128422.0388,7.183476384,7.1834764,Geo Zone 2,Seattle,WA,2222,0.9,Company B,Los Angeles,CA,Telecommunications,2021-08-12,2021-08-29,John Doe
1675,Administrative Support,Manager,Office Manager,male,black,128858.4419,18.28676035,4.6716262,Geo Zone 2,Seattle,WA,2222,0.9,Company B,Los Angeles,CA,Telecommunications,2021-08-12,2021-08-29,John Doe
1676,Administrative Support,Manager,Office Manager,male,black,129376.7765,6.948730943,5.7300652,Geo Zone 2,Seattle,WA,2222,0.9,Company B,Los Angeles,CA,Telecommunications,2021-08-12,2021-08-29,John Doe
1677,Administrative Support,Manager,Office Manager,male,black,129591.43,4.664618246,4.6646182,Geo Zone 2,Seattle,WA,2222,0.9,Company B,Los Angeles,CA,Telecommunications,2021-08-12,2021-08-29,John Doe
1678,Administrative Support,Manager,Office Manager,male,white,129776.6392,8.467240101,2.484016,Geo Zone 2,Seattle,WA,2222,0.9,Company B,Los Angeles,CA,Telecommunications,2021-08-12,2021-08-29,John Doe
1679,Administrative Support,Manager,Office Manager,male,white,129963.8302,9.694908008,9.694908,Geo Zone 2,Seattle,WA,2222,0.9,Company B,Los Angeles,CA,Telecommunications,2021-08-12,2021-08-29,John Doe
1680,Administrative Support,Manager,Office Manager,male,white,131044.9622,9.031665872,1.5221125,Geo Zone 2,Seattle,WA,2222,0.9,Company B,Los Angeles,CA,Telecommunications,2021-08-12,2021-08-29,John Doe
1681,Administrative Support,Manager,Office Manager,male,white,131958.4599,3.979995961,3.979996,Geo Zone 2,Seattle,WA,2222,0.9,Company B,Los Angeles,CA,Telecommunications,2021-08-12,2021-08-29,John Doe
1682,Administrative Support,Manager,Office Manager,male,white,132273.9702,10.49107783,10.491078,Geo Zone 2,Seattle,WA,2222,0.9,Company B,Los Angeles,CA,Telecommunications,2021-08-12,2021-08-29,John Doe
1683,Administrative Support,Manager,Office Manager,male,white,132344.6555,15.81504502,6.0967627,Geo Zone 2,Seattle,WA,2222,0.9,Company B,Los Angeles,CA,Telecommunications,2021-08-12,2021-08-29,John Doe
1684,Administrative Support,Manager,Office Manager,male,hispanic,132451.4438,6.851344695,6.8513447,Geo Zone 2,Seattle,WA,2222,0.9,Company B,Los Angeles,CA,Telecommunications,2021-08-12,2021-08-29,John Doe
1685,Administrative Support,Manager,Office Manager,male,white,133797.3017,8.960266366,8.9602664,Geo Zone 2,Seattle,WA,2222,0.9,Company B,Los Angeles,CA,Telecommunications,2021-08-12,2021-08-29,John Doe
1686,Administrative Support,Manager,Office Manager,male,white,134551.5701,28.01545533,3.9394424,Geo Zone 2,Austin,TX,2222,0.9,Company B,Los Angeles,CA,Telecommunications,2021-08-12,2021-08-29,John Doe
1687,Administrative Support,Manager,Office Manager,male,black,136439.0933,11.71579219,1.9639197,Geo Zone 2,Seattle,WA,2222,0.9,Company B,Los Angeles,CA,Telecommunications,2021-08-12,2021-08-29,John Doe
1688,Administrative Support,Manager,Office Manager,male,white,137737.8632,6.897825747,3.5671076,Geo Zone 2,Seattle,WA,2222,0.9,Company B,Los Angeles,CA,Telecommunications,2021-08-12,2021-08-29,John Doe
1689,Administrative Support,Manager,Office Manager,male,white,138637.0064,14.83595578,13.927203,Geo Zone 2,Austin,TX,2222,0.9,Company B,Los Angeles,CA,Telecommunications,2021-08-12,2021-08-29,John Doe
1690,Administrative Support,Manager,Office Manager,male,black,139272.8404,36.14364687,2.6584634,Geo Zone 2,Seattle,WA,2222,0.9,Company B,Los Angeles,CA,Telecommunications,2021-08-12,2021-08-29,John Doe
1691,Administrative Support,Individual Contributor,Senior Office Manager,male,white,141813.0169,7.498889504,7.4988895,Geo Zone 2,Seattle,WA,2222,0.9,Company B,Los Angeles,CA,Telecommunications,2021-08-12,2021-08-29,John Doe
1692,Administrative Support,Individual Contributor,Senior Office Manager,male,white,142989.8603,20.89741596,5.2971912,Geo Zone 2,Seattle,WA,2222,0.9,Company B,Los Angeles,CA,Telecommunications,2021-08-12,2021-08-29,John Doe
1693,Administrative Support,Individual Contributor,Senior Office Manager,male,white,143904.5411,6.238336482,6.2383365,Geo Zone 2,Austin,TX,2222,0.9,Company B,Los Angeles,CA,Telecommunications,2021-08-12,2021-08-29,John Doe
1694,Administrative Support,Individual Contributor,Senior Office Manager,male,black,144418.1315,13.71174678,7.5905958,Geo Zone 2,Austin,TX,2222,0.9,Company B,Los Angeles,CA,Telecommunications,2021-08-12,2021-08-29,John Doe
1695,Administrative Support,Individual Contributor,Senior Office Manager,male,white,144429.4259,8.293197222,8.2931972,Geo Zone 2,Seattle,WA,2222,0.9,Company B,Los Angeles,CA,Telecommunications,2021-08-12,2021-08-29,John Doe
1696,Administrative Support,Individual Contributor,Senior Office Manager,male,black,145101.461,12.83574751,12.835748,Geo Zone 2,Seattle,WA,2222,0.9,Company B,Los Angeles,CA,Telecommunications,2021-08-12,2021-08-29,John Doe
1697,Administrative Support,Individual Contributor,Senior Office Manager,male,white,145535.4109,10.8422349,10.842235,Geo Zone 2,Seattle,WA,2222,0.9,Company B,Los Angeles,CA,Telecommunications,2021-08-12,2021-08-29,John Doe
1698,Administrative Support,Individual Contributor,Senior Office Manager,male,white,148362.1724,4.07151371,2.3817764,Geo Zone 2,Seattle,WA,2222,0.9,Company B,Los Angeles,CA,Telecommunications,2021-08-12,2021-08-29,John Doe
1699,Administrative Support,Individual Contributor,Senior Office Manager,male,asian,155878.531,24.72062954,9.7974737,Geo Zone 2,Austin,TX,2222,0.9,Company B,Los Angeles,CA,Telecommunications,2021-08-12,2021-08-29,John Doe
1700,Administrative Support,Individual Contributor,Senior Office Manager,male,hispanic,157319.6936,19.5379255,15.712159,Geo Zone 2,Seattle,WA,2222,0.9,Company B,Los Angeles,CA,Telecommunications,2021-08-12,2021-08-29,John Doe
1701,Administrative Support,Individual Contributor,Senior Office Manager,male,white,158617.256,3.385048487,3.3850485,Geo Zone 2,Austin,TX,2222,0.9,Company B,Los Angeles,CA,Telecommunications,2021-08-12,2021-08-29,John Doe
1702,Administrative Support,Individual Contributor,Senior Office Manager,female,white,158959.6357,12.81937822,12.819378,Geo Zone 2,Seattle,WA,2222,0.9,Company B,Los Angeles,CA,Telecommunications,2021-08-12,2021-08-29,John Doe
1703,Administrative Support,Individual Contributor,Reception and Admin,female,white,190343.2289,22.86113009,22.86113,2,Seattle,WA,2222,0.9,Company B,Los Angeles,CA,Telecommunications,2021-08-12,2021-08-29,John Doe
1704,Administrative Support,Individual Contributor,Reception and Admin,female,black,231644.642,35.1884777,35.188478,Geo Zone 2,Seattle,WA,2222,0.9,Company B,Los Angeles,CA,Telecommunications,2021-08-12,2021-08-29,John Doe
